DIYID,Name,Category,NameID
1,ショボいオノ,その他,276
2,いしのオノ,その他,65
3,オノ,その他,113
4,ショボいスコップ,その他,278
5,スコップ,その他,285
6,ショボいつりざお,その他,279
7,つりざお,その他,383
8,ショボいあみ,その他,275
9,あみ,その他,40
10,ショボいジョウロ,その他,277
11,ジョウロ,その他,274
12,パチンコ,その他,424
13,きんのオノ,その他,182
14,きんのスコップ,その他,185
15,きんのつりざお,その他,186
16,きんのあみ,その他,180
17,きんのジョウロ,その他,183
18,きんのパチンコ,その他,188
19,たかとびぼう,その他,327
20,はしご,その他,421
21,ステッキ,フーコ,293
22,おくすり,その他,108
23,サカナのまきエサ,その他,237
24,オカリナ,「はじめてのDIYレシピ」,107
25,パンフルート,春のわかたけ,453
26,おとしあなのタネ,ハキハキ男,112
27,たきび,物語,328
28,キャンプファイア,コワイ男,176
29,たいまつ,物語,323
30,ものほしロープ,コワイ男,537
31,かかし,コワイ男,141
32,きのえだのリース,アネキ女,159
33,きのえだのステッキ,フーコ,158
34,そぼくなDIYさぎょうだい,ハキハキ男,312
35,ちいさなDIYさぎょうだい,「チャレンジ!DIYレシピ」,356
36,DIYさぎょうだい,アネキ女,595
37,もくせいスツール,ゲンキ女,523
38,もくせいチェア,オトナ女,525
39,もくせいミニテーブル,アネキ女,534
40,もくせいサイドテーブル,オトナ女,521
41,もくせいローテーブル,キザ男,535
42,もくせいテーブル,アネキ女,527
43,もくせいクロゼット,物語,520
44,もくせいチェスト,ぼんやり男,526
45,もくせいシングルベッド,ぼんやり男,522
46,もくせいダブルベッド,キザ男,524
47,もくせいのすがたみ,ゲンキ女,531
48,もくせいテーブルミラー,アネキ女,528
49,もくせいのくずかご,アネキ女,529
50,まるたのスツール,ゲンキ女,500
51,まるたのベンチ,ふつう女,504
52,ワイルドなまるたのベンチ,ハキハキ男,590
53,まるたのダイニングテーブル,コワイ男,502
54,まるたのラウンドテーブル,ゲンキ女,505
55,まるたのガーデンベッド,ゲンキ女,495
56,まるたのソファ,ふつう女,501
57,まるたのロングソファ,ふつう女,506
58,まるたのベッド,ゲンキ女,503
59,まるたのかざりだな,ふつう女,496
60,まるたのかべかけどけい,ぼんやり男,497
61,まるたのくい,キザ男,498
62,つみきのおもちゃ,「はじめてのDIYレシピ」,378
63,つみきスツール,ゲンキ女,374
64,つみきチェア,「チャレンジ!DIYレシピ」,375
65,つみきベンチ,アネキ女,381
66,つみきテーブル,アネキ女,377
67,つみきチェスト,ふつう女,376
68,つみきベッド,ふつう女,380
69,つみきブックシェルフ,「チャレンジ!DIYレシピ」,379
70,つみきコンポ,「チャレンジ!DIYレシピ」,373
71,つみきウォールクロック,ゲンキ女,372
72,そぼくなせんめんだい,「こんなモノまで?!DIY」,309
73,そぼくなもくせいかんばん,ハキハキ男,310
74,ナチュラルなガーデンチェア,ゲンキ女,411
75,ナチュラルなスクエアテーブル,ふつう女,414
76,ナチュラルなガーデンテーブル,ふつう女,412
77,ロッキングチェア,「チャレンジ!DIYレシピ」,587
78,ベンチブランコ,「チャレンジ!DIYレシピ」,482
79,ハリボテのくさ,ふつう女,441
80,ハリボテのいけがき,ふつう女,439
81,ハリボテのやま,ハキハキ男,442
82,ハリボテのき,ハキハキ男,440
83,ちゃぶだい,コワイ男,361
84,トロフィーケース,ハキハキ男,401
85,ておしぐるま,ぼんやり男,385
86,もくば,ふつう女,536
87,とりかご,アネキ女,400
88,ふめんだい,ぼんやり男,474
89,アコースティックギター,キザ男,32
90,いぬごや,ハキハキ男,73
91,たる,コワイ男,350
92,もくせいのバケツ,キザ男,532
93,バターかくはんき,オトナ女,422
94,すばこ,ゲンキ女,299
95,えんげいワゴン,ゲンキ女,92
96,ぼんさいだな,コワイ男,488
97,やたい,マイル,549
98,みちしるべ,ぼんやり男,511
99,ナナメのみちしるべ,ぼんやり男,415
100,せかいのみちしるべ,マイル,305
101,そり,コワイ男,317
102,わなげ,「チャレンジ!DIYレシピ」,591
103,マトリョーシカ,ぼんやり男,493
104,ウクレレ,キザ男,84
105,もくぎょ,「こんなモノまで?!DIY」,519
106,せんたくおけ,「はじめてのDIYレシピ」,308
107,カッティングボード,ふつう女,145
108,デコイ,キザ男,387
109,まき,ハキハキ男,491
110,もくせいのこうぐばこ,ふつう女,530
111,キーハンガー,アネキ女,150
112,ブーメラン,ぼんやり男,472
113,しかのオブジェ,ぼんやり男,261
114,いちまいいたのかんばん,コワイ男,72
115,ボーンなドアプレート,ぼんやり男,483
116,にくきゅうのドアプレート,ゲンキ女,416
117,ログなドアプレート,オトナ女,584
118,ミックスウッドのかべ,オトナ女,512
119,よせぎのかべ,ふつう女,566
120,ダークなよせぎのかべ,アネキ女,322
121,ワイルドウッドのかべ,コワイ男,589
122,ちゃいろいヘリンボーンのかべ,アネキ女,359
123,こげちゃのヘリンボーンのかべ,キザ男,220
124,ふしありウッドウォール,キザ男,473
125,ログハウスのかべ,ゲンキ女,585
126,ウッディなかべ,ハキハキ男,87
127,せおいばしご,ハキハキ男,304
128,よこいたのさく,マイル,565
129,たていたのさく,マイル,345
130,まるたのさく,マイル,499
131,トゲトゲのさく,マイル,396
132,ゆうしてっせん,マイル,550
133,そぼくなもくせいのさく,マイル,311
134,ラティス,マイル,569
135,オリエンタルなさく,マイル,120
136,あきかんカリンバ,ゴミ(あきカン),30
137,タイヤのゆうぐ,ゴミ(タイヤ),324
138,つまれたタイヤ,ゴミ(タイヤ),370
139,ゴミぶくろ,ゴミ,231
140,ゴミのやまなかべ,ゴミ,230
141,おへやのゆか,ゴミ,116
142,リサイクルながぐつ,ゴミ(ながぐつ),571
143,ねんどのおもちゃ,コワイ男,417
144,すやきのしょっき,オトナ女,301
145,とうきのジャグ,オトナ女,394
146,かめ,コワイ男,148
147,アロマポット,オトナ女,42
148,たぬきのおきもの,コワイ男,347
149,いしがま,「こんなモノまで?!DIY」,64
150,レンガのいど,マイル,582
151,サイロ,マイル,232
152,レンガのカベ,マイル,583
153,いしのスツール,「はじめてのDIYレシピ」,67
154,いしのテーブル,ぼんやり男,68
155,バードバス,オトナ女,418
156,みずのみば,マイル,510
157,ふんすい,マイル,480
158,よくあるにわいし,ぼんやり男,564
159,ひくいにわいし,オトナ女,456
160,こけむしたにわいし,ぼんやり男,221
161,たかいにわいし,オトナ女,326
162,ストーンアーチ,マイル,294
163,サウナストーブ,ぼんやり男,233
164,シンプルないど,マイル,282
165,ろてんぶろ,マイル,588
166,しょうはブロック,マイル,273
167,ようふうのはかいし,ふつう女,562
168,わふうのはかいし,ぼんやり男,593
169,せきしし,キザ男,306
170,せきひ,マイル,307
171,とうろう,キザ男,395
172,いしのみずうけ,オトナ女,69
173,いしのみずうけ～さくら～,桜の花びら,70
174,いしのみずうけ～もみじ～,紅葉の葉っぱ,71
175,かせきのドアプレート,ハキハキ男,144
176,いしのかべ,キザ男,66
177,ランダムストーンのかべ,オトナ女,570
178,ちかしつのゆか,キザ男,357
179,いしかべ,マイル,63
180,ようふうのさく,マイル,561
181,わふうのさく,マイル,592
182,アイアンガーデンチェア,アネキ女,17
183,アイアンガーデンテーブル,アネキ女,18
184,アイアンガーデンベンチ,アネキ女,19
185,アイアンワークテーブル,アネキ女,24
186,アイアンクロゼット,アネキ女,20
187,アイアンシェルフ,アネキ女,21
188,アイアンハンガースタンド,コワイ男,23
189,かさたて,コワイ男,142
190,フライパン,「はじめてのDIYレシピ」,475
191,どら,コワイ男,398
192,ておしポンプ,ぼんやり男,386
193,おり,コワイ男,119
194,ケトルベル,ハキハキ男,201
195,バーベル,ハキハキ男,419
196,てっこつ,ハキハキ男,388
197,ごえもんぶろ,コワイ男,206
198,マンホール,マイル,508
199,アイアンウォールランプ,「こんなモノまで?!DIY」,6
200,アイアンウォールラック,キザ男,5
201,アイアンなドアプレート,アネキ女,22
202,エンブレムなドアプレート,キザ男,93
203,てっこつのかべ,キザ男,389
204,てっぱんのゆか,キザ男,392
205,アイアンアーマーヘルメット,コワイ男,4
206,アイアンアーマー,コワイ男,2
207,アイアンアーマーシューズ,コワイ男,3
208,ペグとロープ,マイル,481
209,てつのさく,マイル,390
210,ウェディングなさく,ウェディング,80
211,てつのステッキ,フーコ,391
212,アイアンウッドチェア,キザ男,10
213,アイアンウッドワゴン,キザ男,15
214,アイアンウッドチェスト,オトナ女,11
215,アイアンウッドテーブル,コワイ男,12
216,アイアンウッドローテーブル,オトナ女,14
217,アイアンウッドベッド,キザ男,13
218,アイアンウッドカップボード,オトナ女,7
219,アイアンウッドキッチン,「こんなモノまで?!DIY」,8
220,アイアンウッドDIYテーブル,コワイ男,16
221,ガーデンベンチ,オトナ女,128
222,アイアンウッドクロック,キザ男,9
223,きんののべぼう,オトナ女,187
224,おうごんのしょっき,オトナ女,96
225,おうごんのしょくだい,キザ男,95
226,おうごんのベンチ,オトナ女,101
227,おうごんのひつぎ,キザ男,100
228,おうごんのトイレ,オトナ女,98
229,きんのまねきねこ,オトナ女,190
230,おうごんのはぐるま,キザ男,99
231,きんのスカラベ,ぼんやり男,184
232,きんのアロワナ,ぼんやり男,181
233,おうごんのかべ,キザ男,94
234,きんぱくのふすま,キザ男,191
235,おうごんのゆか,キザ男,102
236,ゴールデンアーマーヘルメット,キザ男,219
237,ゴールデンアーマー,キザ男,217
238,ゴールデンアーマーシューズ,キザ男,218
239,おうごんのステッキ,フーコ,97
240,ほしくさのベッド,「はじめてのDIYレシピ」,484
241,たにくしょくぶつ,ゴミ(あきカン),346
242,テラリウム,ふつう女,393
243,スワッグ,ふつう女,302
244,かべかけのはっぱ,「チャレンジ!DIYレシピ」,147
245,ハンギングテラリウム,ゲンキ女,443
246,ジャングルのかべがみ,ハキハキ男,269
247,じゅかいなかべ,ふつう女,271
248,ジャングルのゆか,ハキハキ男,270
249,しばふのゆか,ゲンキ女,265
250,はっぱ,ハキハキ男,425
251,はっぱのおめん,ゲンキ女,426
252,はっぱのかさ,アネキ女,427
253,さんどがさ,キザ男,259
254,かさぼうし,コワイ男,143
255,みの,ふつう女,517
256,こしみの,ふつう女,223
257,みどりのこしみの,ゲンキ女,514
258,くさあみリュック,ふつう女,195
259,わらぼしのさく,マイル,594
260,いけがき,その他,62
261,オレンジのサイドテーブル,ぼんやり男,124
262,オレンジのかべかけどけい,ぼんやり男,122
263,オレンジのかべがみ,ぼんやり男,123
264,オレンジのラグ,ぼんやり男,127
265,オレンジのかさ,ぼんやり男,121
266,オレンジのぼうし,ぼんやり男,126
267,オレンジのふく,ぼんやり男,125
268,さくらんぼのスピーカー,ゲンキ女,251
269,さくらんぼのランプ,ゲンキ女,255
270,さくらんぼのかべがみ,ゲンキ女,250
271,さくらんぼのラグ,ゲンキ女,254
272,さくらんぼのかさ,ゲンキ女,249
273,さくらんぼのぼうし,ゲンキ女,253
274,さくらんぼのふく,ゲンキ女,252
275,モモのチェア,ふつう女,542
276,モモのビックリばこ,ふつう女,543
277,モモのかべがみ,ふつう女,541
278,モモのラグ,ふつう女,546
279,モモのかさ,ふつう女,540
280,モモのぼうし,ふつう女,545
281,モモのふく,ふつう女,544
282,ナシのクロゼット,ハキハキ男,406
283,ナシのベッド,ハキハキ男,408
284,ナシのかべがみ,ハキハキ男,405
285,ナシのラグ,ハキハキ男,410
286,ナシのかさ,ハキハキ男,404
287,ナシのぼうし,ハキハキ男,409
288,ナシのふく,ハキハキ男,407
289,リンゴのチェア,アネキ女,576
290,リンゴのテレビ,アネキ女,577
291,リンゴのかべがみ,アネキ女,575
292,リンゴのラグ,アネキ女,580
293,リンゴのかさ,アネキ女,574
294,リンゴのぼうし,アネキ女,579
295,リンゴのふく,アネキ女,578
296,ココナッツジュース,オトナ女,222
297,パームツリーランプ,オトナ女,420
298,ヤシのウォールプランター,オトナ女,547
299,フルーツバスケット,コワイ男,478
300,フルーツウォーターサーバー,コワイ男,476
301,フルーツのリース,コワイ男,477
302,ようほうばこ,ハキハキ男,563
303,ビーハイブなかべ,ハキハキ男,454
304,ハチミツなゆか,ハキハキ男,423
305,つまれたほん,ぼんやり男,371
306,マイクロライブラリー,ふつう女,489
307,もくせいのほんだな,ぼんやり男,533
308,ライブラリーなかべ,ふつう女,568
309,マガジンラック,ゲンキ女,490
310,ざっしのたば,ゲンキ女,257
311,マンガライブラリーなかべ,ゲンキ女,507
312,しょるいのやま,キザ男,280
313,ちらばったかみ,キザ男,368
314,ダンボールチェア,ぼんやり男,352
315,ダンボールソファ,ゲンキ女,351
316,ダンボールテーブル,ゲンキ女,353
317,ダンボールベッド,ぼんやり男,354
318,ひっこしダンボールS,ゲンキ女,460
319,ひっこしダンボールM,ぼんやり男,459
320,ひっこしダンボールL,ぼんやり男,458
321,ざぶとんのやま,コワイ男,258
322,ドラムかんぶろ,ハキハキ男,399
323,くまのトクダイちゃん,ゲンキ女,196
324,ストリートピアノ,アネキ女,295
325,マネーなゆか,オトナ女,494
326,スターライト,フーコ,291
327,みかづきチェア,フーコ,509
328,つき,フーコ,369
329,いんせき,フーコ,78
330,アストロノーツ,フーコ,33
331,ロケット,フーコ,586
332,じんこうえいせい,フーコ,281
333,スペースシャトル,フーコ,300
334,ゆうじんうちゅうせん,フーコ,551
335,ちゃくりくせん,フーコ,360
336,げつめんいどうしゃ,フーコ,199
337,そらとぶえんばん,フーコ,313
338,ヒーローロボ,マイル,455
339,スタークロック,フーコ,286
340,スターなガーランド,フーコ,287
341,ほしぞらのかべ,フーコ,485
342,スターなかべ,フーコ,288
343,うちゅうせんのかべ,フーコ,85
344,ぎんがけいのゆか,フーコ,179
345,げつめんのゆか,フーコ,200
346,うちゅうせんのゆか,フーコ,86
347,おほしさまのあたま,フーコ,117
348,スターなポシェット,フーコ,290
349,スターなステッキ,フーコ,289
350,アリエスのもくば,フーコ,41
351,タウラスのバスタブ,フーコ,325
352,ジェミニのクロゼット,フーコ,260
353,キャンサーのテーブル,フーコ,175
354,レオのちょうこく,フーコ,581
355,ヴァルゴのハープ,フーコ,79
356,リブラのてんびん,フーコ,572
357,スコーピオのランプ,フーコ,284
358,サジタリアスのや,フーコ,256
359,カプリコーンのおきもの,フーコ,146
360,アクエリアスのみずがめ,フーコ,31
361,ピスケスのランプ,フーコ,457
362,たけのスツール,オトナ女,337
363,たけのベンチ,ふつう女,342
364,たけのキャンドルホルダー,オトナ女,332
365,たけのスクリーン,コワイ男,336
366,たけのまり,ふつう女,344
367,たけのシェルフ,オトナ女,335
368,たけのべんとうばこ,オトナ女,343
369,いろり,「こんなモノまで?!DIY」,74
370,ししおどし,コワイ男,262
371,たけのかご,オトナ女,331
372,たけのフロアスタンド,ふつう女,341
373,たけのスピーカー,オトナ女,339
374,たけのくるまどめ,ハキハキ男,333
375,バンブードラム,ハキハキ男,450
376,たけのいちりんざし,ハキハキ男,330
377,バンブーなかべ,コワイ男,451
378,バンブーなゆか,コワイ男,452
379,ダークなバンブーラグ,コワイ男,320
380,たけがき,マイル,329
381,たけのビックリばこ,春のわかたけ,340
382,みどりのおちば,春のわかたけ,513
383,ながしそうめん,春のわかたけ,403
384,せいろ,春のわかたけ,303
385,たけのこランプ,春のわかたけ,334
386,ちくりんのかべ,春のわかたけ,358
387,ライトなバンブーラグ,春のわかたけ,567
388,しょいこ,春のわかたけ,272
389,たけのステッキ,春のわかたけ,338
390,さくらのはなびらのやま,桜の花びら,246
391,さくらのぼんさい,桜の花びら,248
392,さくらのえだ,桜の花びら,242
393,おはなみセット,桜の花びら,114
394,おはなみのちょうちん,桜の花びら,115
395,さくらクロック,桜の花びら,238
396,さくらなみきのかべ,桜の花びら,239
397,さくらのウッドウォール,桜の花びら,240
398,さくらのじゅうたん,桜の花びら,244
399,さくらのウッドフローリング,桜の花びら,241
400,さくらのかさ,桜の花びら,243
401,さくらのポシェット,桜の花びら,247
402,さくらのステッキ,桜の花びら,245
403,かいがらのスツール,アネキ女,131
404,かいがらのふんすい,ぼんやり男,135
405,かいがらのテーブル,ゲンキ女,134
406,かいがらのベッド,ゲンキ女,136
407,かいがらのスクリーン,アネキ女,130
408,かいがらのアーチ,ぼんやり男,129
409,かいがらのランプ,アネキ女,138
410,かいがらのスピーカー,アネキ女,133
411,すなはまのゆか,ハキハキ男,296
412,かいがらのラグ,ゲンキ女,137
413,かいがらのリース,夏のかいがら,139
414,みなみのうみなかべ,夏のかいがら,515
415,すいちゅうのかべがみ,夏のかいがら,283
416,うみのそこのゆか,夏のかいがら,91
417,ほしのすなはまのゆか,夏のかいがら,486
418,みなものゆか,夏のかいがら,516
419,かいがらポシェット,夏のかいがら,140
420,かいがらのステッキ,夏のかいがら,132
421,きいろのおちば,どんぐり,151
422,あかいおちば,紅葉の葉っぱ,29
423,おちば,どんぐり,109
424,おちばのたきび,どんぐり,111
425,おちばスツール,紅葉の葉っぱ,110
426,やじろべえ,どんぐり,548
427,きのみのランプ,どんぐり,174
428,ちいさなきのみのツリー,どんぐり,355
429,おおきなきのみのツリー,紅葉の葉っぱ,103
430,きのみのアーチ,紅葉の葉っぱ,172
431,マツのぼんさい,どんぐり,492
432,きのみのモビール,どんぐり,173
433,こうようのかべ,紅葉の葉っぱ,204
434,こうようのゆか,紅葉の葉っぱ,205
435,もみじのかさ,紅葉の葉っぱ,538
436,もみじのポシェット,紅葉の葉っぱ,539
437,どんぐりポシェット,どんぐり,402
438,キノコのスツール,きのこ,164
439,キノコのげんぼく,きのこ,162
440,キノコのテーブル,きのこ,166
441,キノコのランプ,きのこ,170
442,キノコのパラソル,きのこ,167
443,キノコのスクリーン,きのこ,163
444,キノコのリース,きのこ,171
445,キノコのもりのかべ,きのこ,168
446,キノコのかべがみ,きのこ,161
447,キノコのもりのゆか,きのこ,169
448,キノコのかさ,きのこ,160
449,キノコのステッキ,きのこ,165
450,アイスキャンディー,ゆきだるま,25
451,こおりのイス,ゆきだるま,209
452,こおりのカウンター,ゆきだるま,210
453,こおりのテーブル,ゆきだるま,213
454,こおりのベッド,ゆきだるま,216
455,こおりのパーテーション,ゆきだるま,214
456,こおりのアーチ,ゆきだるま,207
457,こおりのはしら,ゆきだるま,215
458,こおりのアート,ゆきだるま,208
459,こおりのツリー,ゆきだるま,212
460,3だんゆきだるま,ゆきだるま,1
461,アイスなかべがみ,ゆきだるま,26
462,アイスなゆか,ゆきだるま,27
463,ゆきだるまのぼうし,ゆきだるま,552
464,こおりのステッキ,ゆきだるま,211
465,ゆきのけっしょうのリース,ゆきのけっしょう,554
466,ゲレンデなかべがみ,ゆきのけっしょう,202
467,ひょうざんのかべ,ゆきのけっしょう,467
468,スノーフレークのかべがみ,ゆきのけっしょう,297
469,ゲレンデのゆか,ゆきのけっしょう,203
470,りゅうひょうのゆか,ゆきのけっしょう,573
471,スノーフレークポシェット,ゆきのけっしょう,298
472,おまつりのコマ,オーナメント,118
473,クリスマスキャンドル,オーナメント,197
474,テーブルクリスマスツリー,オーナメント,384
475,かわいいクリスマスツリー,オーナメント,149
476,おおきなクリスマスツリー,オーナメント,104
477,ゆきのイルミネーション,オーナメント,553
478,プレゼントのイルミネーション,オーナメント,479
479,トナカイのイルミネーション,オーナメント,397
480,ツリーのイルミネーション,オーナメント,382
481,オーナメントのモビール,オーナメント,105
482,オーナメントのリース,オーナメント,106
483,クリスマスなかべ,オーナメント,198
484,アネモネのせんぷうき,ぼんやり男,38
485,キクのクッション,ゲンキ女,155
486,コスモスのシャワー,オトナ女,227
487,チューリップのビックリばこ,ハキハキ男,366
488,バラのベッド,キザ男,437
489,パンジーのテーブル,ふつう女,448
490,ヒヤシンスのランプ,アネキ女,465
491,ユリのレコードプレーヤー,コワイ男,560
492,スタンドフラワー,アネキ女,292
493,アネモネのリース,NPC(全員),39
494,クールなアネモネのリース,NPC(全員),192
495,シックなアネモネのリース,NPC(全員),263
496,キクのリース,NPC(全員),157
497,ファンシーなキクのリース,NPC(全員),469
498,ナチュラルなキクのリース,NPC(全員),413
499,コスモスのリース,NPC(全員),229
500,キュートなコスモスのリース,NPC(全員),177
501,シックなコスモスのリース,NPC(全員),264
502,チューリップのリース,NPC(全員),367
503,キュートなチューリップのリース,NPC(全員),178
504,ダークなチューリップのリース,NPC(全員),318
505,バラのリース,NPC(全員),438
506,ファンシーなバラのリース,NPC(全員),470
507,ダークなバラのリース,NPC(全員),319
508,あおいバラのリース,NPC(全員),28
509,きんのバラのリース,NPC(全員),189
510,パンジーのリース,NPC(全員),449
511,ポップなパンジーのリース,NPC(全員),487
512,クールなパンジーのリース,NPC(全員),193
513,ヒヤシンスのリース,NPC(全員),466
514,クールなヒヤシンスのリース,NPC(全員),194
515,むらさきのヒヤシンスのリース,NPC(全員),518
516,ユリのリース,NPC(全員),559
517,ファンシーなユリのリース,NPC(全員),471
518,ダークなユリのリース,NPC(全員),321
519,アネモネのかんむり,NPC(全員),34
520,アネモネのかんむり・クール,NPC(全員),35
521,アネモネのかんむり・パープル,NPC(全員),36
522,キクのかんむり,NPC(全員),152
523,キクのかんむり・シック,NPC(全員),153
524,キクのかんむり・シンプル,NPC(全員),154
525,コスモスのかんむり,NPC(全員),224
526,コスモスのかんむり・ラブリー,NPC(全員),226
527,コスモスのかんむり・ダーク,NPC(全員),225
528,チューリップのかんむり,NPC(全員),362
529,チューリップのかんむり・シック,NPC(全員),363
530,チューリップのかんむり・ダーク,NPC(全員),364
531,バラのかんむり,NPC(全員),431
532,バラのかんむり・キュート,NPC(全員),432
533,バラのかんむり・シック,NPC(全員),434
534,バラのかんむり・ブルー,NPC(全員),435
535,バラのかんむり・ゴールド,NPC(全員),433
536,パンジーのかんむり,NPC(全員),444
537,パンジーのかんむり・クール,NPC(全員),445
538,パンジーのかんむり・パープル,NPC(全員),446
539,ヒヤシンスのかんむり,NPC(全員),461
540,ヒヤシンスのかんむり・クール,NPC(全員),462
541,ヒヤシンスのかんむり・パープル,NPC(全員),463
542,ユリのかんむり,NPC(全員),555
543,ユリのかんむり・キュート,NPC(全員),556
544,ユリのかんむり・ダーク,NPC(全員),557
545,アネモネのステッキ,フーコ,37
546,キクのステッキ,フーコ,156
547,コスモスのステッキ,フーコ,228
548,チューリップのステッキ,フーコ,365
549,バラのステッキ,フーコ,436
550,パンジーのステッキ,フーコ,447
551,ヒヤシンスのステッキ,フーコ,464
552,ユリのステッキ,フーコ,558
553,ウェディングなステッキ,ウェディング,82
554,イースターなスツール,イースター(風船・ボトル),49
555,イースターなテーブル,イースター(風船・ボトル),51
556,イースターなクロゼット,イースター(風船・ボトル),47
557,イースターなドレッサー,イースター(風船・ボトル),52
558,イースターなベッド,イースター(ぴょんたろう),56
559,イースターなランプ,イースター(風船・ボトル),60
560,イースターなバルーンA,イースター(風船・ボトル),54
561,イースターなバルーンB,イースター(風船・ボトル),55
562,イースターなアーチ,イースター(ぴょんたろう),43
563,ぴょんたろうのおきあがりこぼし,イースター(ぴょんたろう),468
564,イースターなウォールクロック,イースター(風船・ボトル),44
565,イースターなライトガーランド,イースター(風船・ボトル),58
566,イースターなリース,イースター(風船・ボトル),61
567,イースターなかべがみ,イースター(風船・ボトル),45
568,イースターなゆか,イースター(風船・ボトル),57
569,イースターなラグ,イースター(風船・ボトル),59
570,じめんのたまごのから,イースター(ひらめき),266
571,じめんのたまごのふく,イースター(ひらめき),268
572,じめんのたまごのくつ,イースター(ひらめき),267
573,いわのたまごのから,イースター(ひらめき),75
574,いわのたまごのふく,イースター(ひらめき),77
575,いわのたまごのくつ,イースター(ひらめき),76
576,はっぱのたまごのから,イースター(ひらめき),428
577,はっぱのたまごのふく,イースター(ひらめき),430
578,はっぱのたまごのくつ,イースター(ひらめき),429
579,ウッディなたまごのから,イースター(ひらめき),88
580,ウッディなたまごのふく,イースター(ひらめき),90
581,ウッディなたまごのくつ,イースター(ひらめき),89
582,そらとぶたまごのから,イースター(ひらめき),314
583,そらとぶたまごのふく,イースター(ひらめき),316
584,そらとぶたまごのくつ,イースター(ひらめき),315
585,サカナのたまごのから,イースター(ひらめき),234
586,サカナのたまごのふく,イースター(ひらめき),236
587,サカナのたまごのくつ,イースター(ひらめき),235
588,たまごのパーティーハット,イースター(ひらめき),348
589,たまごのパーティーワンピ,イースター(ひらめき),349
590,イースターなかんむり,イースター(住人),46
591,イースターなバッグ,イースター(住人),53
592,イースターなさく,イースター(風船・ボトル),48
593,イースターなステッキ,イースター(ぴょんたろう),50