Name,Buy,Filename
アーケードゲーム（FTG）,,FtrArcadegameFight
アーケードゲーム（STG）,,FtrArcadegameShooting
アーケードゲーム（TBL）,,FtrArcadegameMahjong
アームのフロアランプ(ブラック),,FtrLampArm_Remake_0_0
アームのフロアランプ(ホワイト),,FtrLampArm_Remake_1_0
アームのフロアランプ(イエロー),,FtrLampArm_Remake_2_0
アームのフロアランプ(レッド),,FtrLampArm_Remake_3_0
アームのフロアランプ(ブルー),,FtrLampArm_Remake_4_0
アームのフロアランプ(ライトグリーン),,FtrLampArm_Remake_5_0
アームのフロアランプ(グレー),,FtrLampArm_Remake_6_0
アームのフロアランプ(シルバー),,FtrLampArm_Remake_7_0
アイランドキッチン(ホワイト),,FtrKitchenIsland_Remake_0_0
アイランドキッチン(ブルー),,FtrKitchenIsland_Remake_1_0
アイランドキッチン(レッド),,FtrKitchenIsland_Remake_2_0
アイランドキッチン(ライトブラウン),,FtrKitchenIsland_Remake_3_0
アイランドキッチン(ダークブラウン),,FtrKitchenIsland_Remake_4_0
アイランドキッチン(ブラック),,FtrKitchenIsland_Remake_5_0
アイランドキッチン(シルバー),,FtrKitchenIsland_Remake_6_0
アイロンだい,,FtrIronstand_Remake_0_0
アウトドアテーブル(ホワイト),,FtrOutdoortableM_Remake_0_0
アウトドアテーブル(ブラック),,FtrOutdoortableM_Remake_1_0
アウトドアテーブル(グリーン),,FtrOutdoortableM_Remake_2_0
アウトドアテーブル(ブルー),,FtrOutdoortableM_Remake_3_0
アウトドアテーブル(レッド),,FtrOutdoortableM_Remake_4_0
アウトドアはつでんき(レッド),,FtrOutdoorgenerator_Remake_0_0
アウトドアはつでんき(ブルー),,FtrOutdoorgenerator_Remake_1_0
アウトドアはつでんき(イエロー),,FtrOutdoorgenerator_Remake_2_0
アウトドアはつでんき(ターコイズ),,FtrOutdoorgenerator_Remake_3_0
アウトドアはつでんき(オレンジ),,FtrOutdoorgenerator_Remake_4_0
アウトドアはつでんき(シルバー),,FtrOutdoorgenerator_Remake_5_0
アウトドアベンチ(ホワイト),,FtrOutdoorchairM_Remake_0_0
アウトドアベンチ(ブラック),,FtrOutdoorchairM_Remake_1_0
アウトドアベンチ(グリーン),,FtrOutdoorchairM_Remake_2_0
アウトドアベンチ(ブルー),,FtrOutdoorchairM_Remake_3_0
アウトドアベンチ(レッド),,FtrOutdoorchairM_Remake_4_0
あおコーナー,,FtrRingcornerBlue_Remake_0_0
あかコーナー,,FtrRingcornerRed_Remake_0_0
アップライトピアノ(ブラック),,FtrPianoUpright_Remake_0_0
アップライトピアノ(ホワイト),,FtrPianoUpright_Remake_1_0
アップライトピアノ(ウォルナット),,FtrPianoUpright_Remake_2_0
アップライトピアノ(メープル),,FtrPianoUpright_Remake_3_0
アリがたいムシかご,非売品,FtrEventobjInsectBox
アリづか,非売品,FtrAnthill
アルトサックス,,FtrAltosax
アンティークなイス(ブラウン),,FtrAntiqueChairS_Remake_0_0
アンティークなイス(ナチュラル),,FtrAntiqueChairS_Remake_1_0
アンティークなイス(ブラック),,FtrAntiqueChairS_Remake_2_0
アンティークなコンソール(ブラウン),,FtrAntiqueConsole_Remake_0_0
アンティークなコンソール(ナチュラル),,FtrAntiqueConsole_Remake_1_0
アンティークなコンソール(ブラック),,FtrAntiqueConsole_Remake_2_0
アンティークなテーブル(ブラウン),,FtrAntiqueTableL_Remake_0_0
アンティークなテーブル(ナチュラル),,FtrAntiqueTableL_Remake_1_0
アンティークなテーブル(ブラック),,FtrAntiqueTableL_Remake_2_0
アンティークなとけい(ブラウン),,FtrAntiqueClock_Remake_0_0
アンティークなとけい(ナチュラル),,FtrAntiqueClock_Remake_1_0
アンティークなとけい(ブラック),,FtrAntiqueClock_Remake_2_0
アンティークなドレッサー(ブラウン),,FtrAntiqueDresser_Remake_0_0
アンティークなドレッサー(ナチュラル),,FtrAntiqueDresser_Remake_1_0
アンティークなドレッサー(ブラック),,FtrAntiqueDresser_Remake_2_0
アンティークなビューロ(ブラウン),,FtrAntiqueBureau_Remake_0_0
アンティークなビューロ(ナチュラル),,FtrAntiqueBureau_Remake_1_0
アンティークなビューロ(ブラック),,FtrAntiqueBureau_Remake_2_0
アンティークなベッド(ブラウン),,FtrAntiqueBedW_Remake_0_0
アンティークなベッド(ナチュラル),,FtrAntiqueBedW_Remake_1_0
アンティークなベッド(ブラック),,FtrAntiqueBedW_Remake_2_0
アンティークなミニテーブル(ブラウン),,FtrAntiqueTableS_Remake_0_0
アンティークなミニテーブル(ナチュラル),,FtrAntiqueTableS_Remake_1_0
アンティークなミニテーブル(ブラック),,FtrAntiqueTableS_Remake_2_0
アンティークなワードローブ(ブラウン),,FtrAntiqueChest_Remake_0_0
アンティークなワードローブ(ナチュラル),,FtrAntiqueChest_Remake_1_0
アンティークなワードローブ(ブラック),,FtrAntiqueChest_Remake_2_0
あんどん(ナチュラルウッド),,FtrLampJapan_Remake_0_0
あんどん(ダークウッド),,FtrLampJapan_Remake_1_0
あんどん(オレンジウッド),,FtrLampJapan_Remake_2_0
イカすクーラーボックス,非売品,FtrEventobjFishBox
いかりのオブジェ(ブラック),非売品,FtrShipanchor_Remake_0_0
いかりのオブジェ(シルバー),非売品,FtrShipanchor_Remake_1_0
いかりのオブジェ(ゴールド),非売品,FtrShipanchor_Remake_2_0
いかりのオブジェ(ホワイト),非売品,FtrShipanchor_Remake_3_0
いかりのオブジェ(ブルー),非売品,FtrShipanchor_Remake_4_0
いかりのオブジェ(レトロ),非売品,FtrShipanchor_Remake_5_0
いとぐるま,,FtrSpinning
ウォーターサーバー(ホワイト),,FtrWaterserver_Remake_0_0
ウォーターサーバー(ブラック),,FtrWaterserver_Remake_1_0
ウォータービュー(赤レンガ),,FtrWaterview_Remake_0_0
ウォータービュー(モザイクタイル),,FtrWaterview_Remake_1_0
ウォータービュー(ウッディ),,FtrWaterview_Remake_2_0
ウォータービュー(コンクリート),,FtrWaterview_Remake_3_0
ウォータービュー(ステンレス),,FtrWaterview_Remake_4_0
エアーソファ(ブルー),,FtrAirsofa_Remake_0_0
エアーソファ(グリーン),,FtrAirsofa_Remake_1_0
エアーソファ(パープル),,FtrAirsofa_Remake_2_0
エアーソファ(ピンク),,FtrAirsofa_Remake_3_0
エアーソファ(ライム),,FtrAirsofa_Remake_4_0
エアーソファ(ドット),,FtrAirsofa_Remake_5_0
エアーソファ(レインボー),,FtrAirsofa_Remake_6_0
エアーソファ(迷彩),,FtrAirsofa_Remake_7_0
エクササイズバイク(ブラック),,FtrExercisebike_Remake_0_0
エクササイズバイク(レッド),,FtrExercisebike_Remake_1_0
エクササイズバイク(イエロー),,FtrExercisebike_Remake_2_0
エクササイズバイク(ホワイト),,FtrExercisebike_Remake_3_0
エフェクターラック(ブラック),,FtrEffectorrack_Remake_0_0
エフェクターラック(ホワイト),,FtrEffectorrack_Remake_1_0
エフェクターラック(オレンジ),,FtrEffectorrack_Remake_2_0
エフェクターラック(ブルー),,FtrEffectorrack_Remake_3_0
エフェクターラック(レッド),,FtrEffectorrack_Remake_4_0
エフェクターラック(ピンク),,FtrEffectorrack_Remake_5_0
エレキギターES1(サンバースト),,FtrElectricguitar1_Remake_0_0
エレキギターES1(コーラルピンク),,FtrElectricguitar1_Remake_1_0
エレキギターES1(コスモブラック),,FtrElectricguitar1_Remake_2_0
エレキギターES1(ファイアーレッド),,FtrElectricguitar1_Remake_3_0
エレキギターES1(オレンジイエロー),,FtrElectricguitar1_Remake_4_0
エレキギターES1(ナチュラルウッド),,FtrElectricguitar1_Remake_5_0
エレキギターES1(シックホワイト),,FtrElectricguitar1_Remake_6_0
エレキギターES1(クールブルー),,FtrElectricguitar1_Remake_7_0
エレキギターES2(ダークレッド),,FtrElectricguitar2_Remake_0_0
エレキギターES2(ナチュラルウッド),,FtrElectricguitar2_Remake_1_0
エレキギターES2(チェリー),,FtrElectricguitar2_Remake_2_0
エレキギターES2(サンバースト),,FtrElectricguitar2_Remake_3_0
エレキギターES2(マリンエメラルド),,FtrElectricguitar2_Remake_4_0
エレキギターES2(シックホワイト),,FtrElectricguitar2_Remake_5_0
エレキギターES2(コスモブラック),,FtrElectricguitar2_Remake_6_0
エレキベース(シックホワイト),,FtrElectricbass_Remake_0_0
エレキベース(ナチュラルウッド),,FtrElectricbass_Remake_1_0
エレキベース(サンバースト),,FtrElectricbass_Remake_2_0
エレキベース(コスモブラック),,FtrElectricbass_Remake_3_0
エレキベース(ディープオーシャン),,FtrElectricbass_Remake_4_0
エレキベース(アッシュグリーン),,FtrElectricbass_Remake_5_0
エレキベース(ショッキングピンク),,FtrElectricbass_Remake_6_0
エレキベース(スペースシルバー),,FtrElectricbass_Remake_7_0
オーブンつきコンロ(シルバー),,FtrKitchenOven_Remake_0_0
オーブンつきコンロ(ホワイト),,FtrKitchenOven_Remake_1_0
オーブンつきコンロ(レッド),,FtrKitchenOven_Remake_2_0
オーブンつきコンロ(ブルー),,FtrKitchenOven_Remake_3_0
オーブンつきコンロ(ブラック),,FtrKitchenOven_Remake_4_0
おかしのじはんき(ブラック),非売品,FtrFoodmachine_Remake_0_0
おかしのじはんき(ホワイト),非売品,FtrFoodmachine_Remake_1_0
おかしのじはんき(レッド),非売品,FtrFoodmachine_Remake_2_0
おかしのじはんき(シルバー),非売品,FtrFoodmachine_Remake_3_0
おすのフラミンゴ(ナチュラル),,FtrFlamingoMale_Remake_0_0
おすのフラミンゴ(白),,FtrFlamingoMale_Remake_1_0
オフィスのチェア(ブルー),,FtrOfficeChair_Remake_0_0
オフィスのチェア(グリーン),,FtrOfficeChair_Remake_1_0
オフィスのチェア(イエロー),,FtrOfficeChair_Remake_2_0
オフィスのチェア(レッド),,FtrOfficeChair_Remake_3_0
オフィスのチェア(ライトブルー),,FtrOfficeChair_Remake_4_0
オフィスのチェア(ピンク),,FtrOfficeChair_Remake_5_0
オフィスのチェア(ブラック),,FtrOfficeChair_Remake_6_0
オフィスのデスク(ホワイト),,FtrOfficeTable_Remake_0_0
オフィスのデスク(ベージュ×ホワイト),,FtrOfficeTable_Remake_1_0
オフィスのデスク(ブラウン×ブラック),,FtrOfficeTable_Remake_2_0
オフィスのデスク(グレー),,FtrOfficeTable_Remake_3_0
オリエンタルなスクリーン(レッド),,FtrOrientalScreen_Remake_0_0
オリエンタルなスクリーン(ブルー),,FtrOrientalScreen_Remake_1_0
オリエンタルなスクリーン(ブラウン),,FtrOrientalScreen_Remake_2_0
オリエンタルなスクリーン(ブラック),,FtrOrientalScreen_Remake_3_0
オリエンタルなチェスト(レッド),,FtrOrientalChest_Remake_0_0
オリエンタルなチェスト(ブルー),,FtrOrientalChest_Remake_1_0
オリエンタルなチェスト(ブラウン),,FtrOrientalChest_Remake_2_0
オリエンタルなチェスト(ブラック),,FtrOrientalChest_Remake_3_0
オリエンタルなベッド(レッド),,FtrOrientalBedW_Remake_0_0
オリエンタルなベッド(ブルー),,FtrOrientalBedW_Remake_1_0
オリエンタルなベッド(ブラウン),,FtrOrientalBedW_Remake_2_0
オリエンタルなベッド(ブラック),,FtrOrientalBedW_Remake_3_0
オリエンタルなローテーブル(レッド),,FtrOrientalTableM_Remake_0_0
オリエンタルなローテーブル(ブルー),,FtrOrientalTableM_Remake_1_0
オリエンタルなローテーブル(ブラウン),,FtrOrientalTableM_Remake_2_0
オリエンタルなローテーブル(ブラック),,FtrOrientalTableM_Remake_3_0
ガーデンライト(ブラック),,FtrLampGarden_Remake_0_0
ガーデンライト(ホワイト),,FtrLampGarden_Remake_1_0
ガーデンライト(ブロンズ),,FtrLampGarden_Remake_2_0
ガイコツマイク,,FtrMikeBone
かいじゅう(ブラウン),非売品,FtrMonster_Remake_0_0
かいじゅう(ブルー),非売品,FtrMonster_Remake_1_0
かいじゅう(レッド),非売品,FtrMonster_Remake_2_0
かいじゅう(ブラック),非売品,FtrMonster_Remake_3_0
がいとう(グリーン),非売品,FtrStreetlamp_Remake_0_0
がいとう(ブラウン),非売品,FtrStreetlamp_Remake_1_0
がいとう(ホワイト),非売品,FtrStreetlamp_Remake_2_0
がいとう(ブラック),非売品,FtrStreetlamp_Remake_3_0
カカオ,,FtrPlantCacao
がくしゅうチェア(ナチュラル),,FtrStudyChair_Remake_0_0
がくしゅうチェア(ライトブラウン),,FtrStudyChair_Remake_1_0
がくしゅうチェア(ダークブラウン),,FtrStudyChair_Remake_2_0
がくしゅうチェア(ホワイト),,FtrStudyChair_Remake_3_0
がくしゅうデスク(ナチュラル),,FtrStudyDesk_Remake_0_0
がくしゅうデスク(ライトブラウン),,FtrStudyDesk_Remake_1_0
がくしゅうデスク(ダークブラウン),,FtrStudyDesk_Remake_2_0
がくしゅうデスク(ホワイト),,FtrStudyDesk_Remake_3_0
かせつトイレ(ミント),非売品,FtrWCPortable_Remake_0_0
かせつトイレ(レッド),非売品,FtrWCPortable_Remake_1_0
かせつトイレ(ブルー),非売品,FtrWCPortable_Remake_2_0
かせつトイレ(イエローグリーン),非売品,FtrWCPortable_Remake_3_0
かせつトイレ(グレー),非売品,FtrWCPortable_Remake_4_0
がっこうのイス(ナチュラル×シルバー),,FtrSchoolChairS_Remake_0_0
がっこうのイス(ブラウン×ホワイト),,FtrSchoolChairS_Remake_1_0
がっこうのイス(ライトブラウン×ブラック),,FtrSchoolChairS_Remake_2_0
がっこうのイス(ホワイト×レッド),,FtrSchoolChairS_Remake_3_0
がっこうのイス(グレー×ブルー),,FtrSchoolChairS_Remake_4_0
がっこうのイス(ベージュ×グリーン),,FtrSchoolChairS_Remake_5_0
がっこうのつくえ(ナチュラル×シルバー),,FtrSchoolTableS_Remake_0_0
がっこうのつくえ(ブラウン×ホワイト),,FtrSchoolTableS_Remake_1_0
がっこうのつくえ(ライトブラウン×ブラック),,FtrSchoolTableS_Remake_2_0
がっこうのつくえ(ホワイト×レッド),,FtrSchoolTableS_Remake_3_0
がっこうのつくえ(グレー×ブルー),,FtrSchoolTableS_Remake_4_0
がっこうのつくえ(ベージュ×グリーン),,FtrSchoolTableS_Remake_5_0
かまどのキッチン,,FtrKitchenKamado
かんこうぼうえんきょう(グリーン),非売品,FtrTelescopeSightseeing_Remake_0_0
かんこうぼうえんきょう(ブルー),非売品,FtrTelescopeSightseeing_Remake_1_0
かんこうぼうえんきょう(ホワイト),非売品,FtrTelescopeSightseeing_Remake_2_0
かんこうぼうえんきょう(グレー),非売品,FtrTelescopeSightseeing_Remake_3_0
かんこうぼうえんきょう(ブラック),非売品,FtrTelescopeSightseeing_Remake_4_0
きものスタンド,,FtrKimonostand_Remake_0_0
キャスターペール(グリーン),,FtrPaleCaster_Remake_0_0
キャスターペール(イエロー),,FtrPaleCaster_Remake_1_0
キャスターペール(ブラウン),,FtrPaleCaster_Remake_2_0
キャスターペール(ブラック),,FtrPaleCaster_Remake_3_0
キャスターペール(ホワイト),,FtrPaleCaster_Remake_4_0
キャスターペール(レッド),,FtrPaleCaster_Remake_5_0
キャスターペール(ブルー),,FtrPaleCaster_Remake_6_0
キャットタワー(ベージュ),,FtrCattower_Remake_0_0
キャットタワー(ブラウン),,FtrCattower_Remake_1_0
キャットタワー(ネイビー),,FtrCattower_Remake_2_0
キャットタワー(グレー),,FtrCattower_Remake_3_0
キャットタワー(ピンク),,FtrCattower_Remake_4_0
キャットタワー(ホワイト),,FtrCattower_Remake_5_0
キャンディマシン(レッド),,FtrCandymachine_Remake_0_0
キャンディマシン(ブルー),,FtrCandymachine_Remake_1_0
キャンディマシン(イエロー),,FtrCandymachine_Remake_2_0
キャンディマシン(ピンク),,FtrCandymachine_Remake_3_0
キャンプじょうのかんばん,,FtrCompassSignCamp
キャンプベッド(グリーン),,FtrCampbed_Remake_0_0
キャンプベッド(イエロー),,FtrCampbed_Remake_1_0
キャンプベッド(レッド),,FtrCampbed_Remake_2_0
キャンプベッド(ブルー),,FtrCampbed_Remake_3_0
キャンプベッド(寒冷迷彩),,FtrCampbed_Remake_4_0
キャンプベッド(迷彩),,FtrCampbed_Remake_5_0
キャンプベッド(シンプルパターン),,FtrCampbed_Remake_6_0
キャンプベッド(ポップパターン),,FtrCampbed_Remake_7_0
キュートなクロゼット(ホワイト),,FtrCuteClosetLR_Remake_0_0
キュートなクロゼット(スカイブルー),,FtrCuteClosetLR_Remake_1_0
キュートなクロゼット(イエロー),,FtrCuteClosetLR_Remake_2_0
キュートなクロゼット(レッド),,FtrCuteClosetLR_Remake_3_0
キュートなクロゼット(ブルー),,FtrCuteClosetLR_Remake_4_0
キュートなソファ(ホワイト),,FtrCuteChairL_Remake_0_0
キュートなソファ(スカイブルー),,FtrCuteChairL_Remake_1_0
キュートなソファ(イエロー),,FtrCuteChairL_Remake_2_0
キュートなソファ(レッド),,FtrCuteChairL_Remake_3_0
キュートなソファ(ブルー),,FtrCuteChairL_Remake_4_0
キュートなチェア(ホワイト),,FtrCuteChairS_Remake_0_0
キュートなチェア(スカイブルー),,FtrCuteChairS_Remake_1_0
キュートなチェア(イエロー),,FtrCuteChairS_Remake_2_0
キュートなチェア(レッド),,FtrCuteChairS_Remake_3_0
キュートなチェア(ブルー),,FtrCuteChairS_Remake_4_0
キュートなティーテーブル(ホワイト),,FtrCuteTableS_Remake_0_0
キュートなティーテーブル(スカイブルー),,FtrCuteTableS_Remake_1_0
キュートなティーテーブル(イエロー),,FtrCuteTableS_Remake_2_0
キュートなティーテーブル(レッド),,FtrCuteTableS_Remake_3_0
キュートなティーテーブル(ブルー),,FtrCuteTableS_Remake_4_0
キュートなドレッサー(ホワイト),,FtrCuteDresser_Remake_0_0
キュートなドレッサー(スカイブルー),,FtrCuteDresser_Remake_1_0
キュートなドレッサー(イエロー),,FtrCuteDresser_Remake_2_0
キュートなドレッサー(レッド),,FtrCuteDresser_Remake_3_0
キュートなドレッサー(ブルー),,FtrCuteDresser_Remake_4_0
キュートなフロアランプ(ホワイト),,FtrCuteLamp_Remake_0_0
キュートなフロアランプ(スカイブルー),,FtrCuteLamp_Remake_1_0
キュートなフロアランプ(イエロー),,FtrCuteLamp_Remake_2_0
キュートなフロアランプ(レッド),,FtrCuteLamp_Remake_3_0
キュートなフロアランプ(ブルー),,FtrCuteLamp_Remake_4_0
キュートなベッド(ホワイト),,FtrCuteBedW_Remake_0_0
キュートなベッド(スカイブルー),,FtrCuteBedW_Remake_1_0
キュートなベッド(イエロー),,FtrCuteBedW_Remake_2_0
キュートなベッド(レッド),,FtrCuteBedW_Remake_3_0
キュートなベッド(ブルー),,FtrCuteBedW_Remake_4_0
キュートなDIYテーブル(ホワイト),,FtrCuteWorkbench_Remake_0_0
キュートなDIYテーブル(スカイブルー),,FtrCuteWorkbench_Remake_1_0
キュートなDIYテーブル(イエロー),,FtrCuteWorkbench_Remake_2_0
キュートなDIYテーブル(レッド),,FtrCuteWorkbench_Remake_3_0
キュートなDIYテーブル(ブルー),,FtrCuteWorkbench_Remake_4_0
きょうたく(スタンダード),,FtrSchoolTeachertable_Remake_0_0
きょうたく(ウッディ),,FtrSchoolTeachertable_Remake_1_0
きょうたく(モノトーン),,FtrSchoolTeachertable_Remake_2_0
きんこ(シルバー),,FtrSafebox_Remake_0_0
きんこ(ホワイト),,FtrSafebox_Remake_1_0
きんこ(ブラック),,FtrSafebox_Remake_2_0
きんこ(ゴールド),,FtrSafebox_Remake_3_0
くまのダイちゃん(クリーム),,FtrBearL_Remake_0_0
くまのダイちゃん(キャラメル・モカ),,FtrBearL_Remake_1_0
くまのダイちゃん(チョコ),,FtrBearL_Remake_2_0
くまのダイちゃん(フラワー),,FtrBearL_Remake_3_0
くまのダイちゃん(チェック),,FtrBearL_Remake_4_0
くまのダイちゃん(ツイード),,FtrBearL_Remake_5_0
くまのナミちゃん(クリーム),,FtrBearM_Remake_0_0
くまのナミちゃん(キャラメル・モカ),,FtrBearM_Remake_1_0
くまのナミちゃん(チョコ),,FtrBearM_Remake_2_0
くまのナミちゃん(フラワー),,FtrBearM_Remake_3_0
くまのナミちゃん(チェック),,FtrBearM_Remake_4_0
くまのナミちゃん(ツイード),,FtrBearM_Remake_5_0
クライミングウォール(ナチュラル),,FtrClimbingwall_Remake_0_0
クライミングウォール(ピンク),,FtrClimbingwall_Remake_1_0
クライミングウォール(ブルー),,FtrClimbingwall_Remake_2_0
クライミングウォール(ホワイト),,FtrClimbingwall_Remake_3_0
グランドピアノ(ブラック),,FtrPianoGrand_Remake_0_0
グランドピアノ(ホワイト),,FtrPianoGrand_Remake_1_0
グランドピアノ(ウォルナット),,FtrPianoGrand_Remake_2_0
グランドピアノ(チェリー),,FtrPianoGrand_Remake_3_0
グランドライト(ホワイト),,FtrGrandlight_Remake_0_0
グランドライト(オレンジ),,FtrGrandlight_Remake_1_0
グランドライト(レッド),,FtrGrandlight_Remake_2_0
グランドライト(ピンク),,FtrGrandlight_Remake_3_0
グランドライト(パープル),,FtrGrandlight_Remake_4_0
グランドライト(ブルー),,FtrGrandlight_Remake_5_0
グランドライト(ライトブルー),,FtrGrandlight_Remake_6_0
グランドライト(グリーン),,FtrGrandlight_Remake_7_0
くるまイス,,FtrWheelchair_Remake_0_0
クロスつきテーブル,,FtrTableCloth_Remake_0_0
くんせいマシン(ブラック),,FtrSmoker_Remake_0_0
くんせいマシン(グリーン),,FtrSmoker_Remake_1_0
くんせいマシン(シルバー),,FtrSmoker_Remake_2_0
ゲームセンターのイス(レッド),,FtrGameChair_Remake_0_0
ゲームセンターのイス(グレー),,FtrGameChair_Remake_1_0
ゲームセンターのイス(ブルー),,FtrGameChair_Remake_2_0
けんすいスタンド(ブラック),,FtrPullupstand_Remake_0_0
けんすいスタンド(レッド),,FtrPullupstand_Remake_1_0
けんすいスタンド(イエロー),,FtrPullupstand_Remake_2_0
けんすいスタンド(ブルー),,FtrPullupstand_Remake_3_0
こうえんだい,,FtrLectern
こうえんのとけい(ブラック),非売品,FtrParkclock_Remake_0_0
こうえんのとけい(シルバー),非売品,FtrParkclock_Remake_1_0
こうえんのとけい(ホワイト),非売品,FtrParkclock_Remake_2_0
こうえんのとけい(ブラウン),非売品,FtrParkclock_Remake_3_0
ごうかなきものスタンド(鶴),,FtrKimonostandRich_Remake_0_0
ごうかなきものスタンド(牡丹),,FtrKimonostandRich_Remake_1_0
ごうかなきものスタンド(藤),,FtrKimonostandRich_Remake_2_0
ごうかなきものスタンド(毬),,FtrKimonostandRich_Remake_3_0
ごうかなきものスタンド(鷹),,FtrKimonostandRich_Remake_4_0
こうぎしつのイス(ライトブラウン),,FtrChairCollage_Remake_0_0
こうぎしつのイス(ダークブラウン),,FtrChairCollage_Remake_1_0
こうぎしつのつくえ(ライトブラウン),,FtrTableCollage_Remake_0_0
こうぎしつのつくえ(ダークブラウン),,FtrTableCollage_Remake_1_0
こうぎしつのつくえ(ホワイト),,FtrTableCollage_Remake_2_0
こうきゅうコンポ,,FtrComponentHighclass
こうぐだな(ホワイト),,FtrToolshelf_Remake_0_0
こうぐだな(グリーン),,FtrToolshelf_Remake_1_0
こうぐだな(ブルー),,FtrToolshelf_Remake_2_0
こうぐだな(ブラック),,FtrToolshelf_Remake_3_0
こうじちゅうかんばん(工事中のお詫び),非売品,FtrSignConstruction_Remake_0_0
こうじちゅうかんばん(工事中のお詫び（弟）),非売品,FtrSignConstruction_Remake_1_0
こうじちゅうかんばん(工事中のお詫び（兄）),非売品,FtrSignConstruction_Remake_2_0
こうじちゅうかんばん(この先、工事中),非売品,FtrSignConstruction_Remake_3_0
こうじちゅうかんばん(工事中につき注意),非売品,FtrSignConstruction_Remake_4_0
ゴールドクレスト(ブラウン),,FtrPlantGoldcrest_Remake_0_0
ゴールドクレスト(ブルー),,FtrPlantGoldcrest_Remake_1_0
ゴールドクレスト(イエロー),,FtrPlantGoldcrest_Remake_2_0
ゴールドクレスト(ブラック),,FtrPlantGoldcrest_Remake_3_0
ゴールドクレスト(ホワイト),,FtrPlantGoldcrest_Remake_4_0
こくばん(無地),,FtrBlackboard_Remake_0_0
こくばん(放課後),,FtrBlackboard_Remake_1_0
こくばん(国語),,FtrBlackboard_Remake_2_0
こくばん(数学),,FtrBlackboard_Remake_3_0
こくばん(音楽),,FtrBlackboard_Remake_4_0
こくばん(部活),,FtrBlackboard_Remake_5_0
こくばん(美術),,FtrBlackboard_Remake_6_0
ごじゅうのとう(レッド),非売品,FtrGojyu_Remake_0_0
ごじゅうのとう(ナチュラルウッド),非売品,FtrGojyu_Remake_1_0
ごじゅうのとう(ダークウッド),非売品,FtrGojyu_Remake_2_0
こたつ,,FtrKotatsu_Remake_0_0
こっかくひょうほん,,FtrSchoolSkeleton
ごばん,,FtrGo
こもれびひろばのかざり,,FtrCompassPole
ゴルフバッグ(レッド),,FtrGolfbag_Remake_0_0
ゴルフバッグ(グリーン),,FtrGolfbag_Remake_1_0
ゴルフバッグ(ピンク),,FtrGolfbag_Remake_2_0
ゴルフバッグ(マルチカラー),,FtrGolfbag_Remake_3_0
ゴルフバッグ(ブラウン),,FtrGolfbag_Remake_4_0
ゴルフバッグ(シルバー),,FtrGolfbag_Remake_5_0
サーキュレーター(ホワイト),,FtrCirculator_Remake_0_0
サーキュレーター(ブラック),,FtrCirculator_Remake_1_0
サーキュレーター(ピンク),,FtrCirculator_Remake_2_0
サーキュレーター(グリーン),,FtrCirculator_Remake_3_0
サーキュレーター(イエロー),,FtrCirculator_Remake_4_0
サーバー,,FtrServer
サービングカート(ナチュラル),,FtrServingcart_Remake_0_0
サービングカート(ブラウン),,FtrServingcart_Remake_1_0
サービングカート(ホワイト),,FtrServingcart_Remake_2_0
サービングカート(ホワイト×シルバー),,FtrServingcart_Remake_3_0
サービングカート(レッド),,FtrServingcart_Remake_4_0
サービングカート(ブラック),,FtrServingcart_Remake_5_0
サーフボード(ホワイト),,FtrSurfboard_Remake_0_0
サーフボード(レッド),,FtrSurfboard_Remake_1_0
サーフボード(ハイビスカス),,FtrSurfboard_Remake_2_0
サーフボード(クール),,FtrSurfboard_Remake_3_0
サーフボード(ボーダー),,FtrSurfboard_Remake_4_0
サーフボード(ブラウン),,FtrSurfboard_Remake_5_0
ざいす(ナチュラル),,FtrFloorchair_Remake_0_0
ざいす(ライトウッド),,FtrFloorchair_Remake_1_0
ざいす(ダークウッド),,FtrFloorchair_Remake_2_0
ざいす(ブラック),,FtrFloorchair_Remake_3_0
サッカーゴール,非売品,FtrSoccergoal
ざぶとん,,FtrCushionJapan_Remake_0_0
サンドバッグ(レッド),,FtrSandbag_Remake_0_0
サンドバッグ(ブルー),,FtrSandbag_Remake_1_0
サンドバッグ(ブラック),,FtrSandbag_Remake_2_0
さんりんしゃ(レッド),,FtrTricycle_Remake_0_0
さんりんしゃ(ピンク),,FtrTricycle_Remake_1_0
さんりんしゃ(ブルー),,FtrTricycle_Remake_2_0
さんりんしゃ(イエロー),,FtrTricycle_Remake_3_0
さんりんしゃ(ブラック),,FtrTricycle_Remake_4_0
システムキッチン(オフホワイト),,FtrKitchenSystem_Remake_0_0
システムキッチン(レッド),,FtrKitchenSystem_Remake_1_0
システムキッチン(ブルー),,FtrKitchenSystem_Remake_2_0
システムキッチン(イエロー),,FtrKitchenSystem_Remake_3_0
システムキッチン(ブラック),,FtrKitchenSystem_Remake_4_0
システムキッチン(ブラウン),,FtrKitchenSystem_Remake_5_0
システムキッチン(ナチュラル),,FtrKitchenSystem_Remake_6_0
システムキッチン(ホワイト),,FtrKitchenSystem_Remake_7_0
しちゃくしつ(グレー),,FtrFittingroom_Remake_0_0
しちゃくしつ(ベージュ),,FtrFittingroom_Remake_1_0
しちゃくしつ(ブラウン),,FtrFittingroom_Remake_2_0
しちゃくしつ(ダークブラウン),,FtrFittingroom_Remake_3_0
しちゃくしつ(ブラック),,FtrFittingroom_Remake_4_0
しちゃくしつ(ブルー),,FtrFittingroom_Remake_5_0
しちゃくしつ(ピンク),,FtrFittingroom_Remake_6_0
しちゃくしつ(グリーン),,FtrFittingroom_Remake_7_0
しつがいき,,FtrOutdoorunit
しばかりき(レッド),,FtrLawnmower_Remake_0_0
しばかりき(オレンジ),,FtrLawnmower_Remake_1_0
しばかりき(ブルー),,FtrLawnmower_Remake_2_0
しばかりき(イエロー),,FtrLawnmower_Remake_3_0
しばかりき(グリーン),,FtrLawnmower_Remake_4_0
じはんき(レッド),非売品,FtrDrinkmachine_Remake_0_0
じはんき(ブルー),非売品,FtrDrinkmachine_Remake_1_0
じはんき(ホワイト),非売品,FtrDrinkmachine_Remake_2_0
じはんき(ブラック),非売品,FtrDrinkmachine_Remake_3_0
じはんき(グリーン),非売品,FtrDrinkmachine_Remake_4_0
じはんき(ピンク),非売品,FtrDrinkmachine_Remake_5_0
ジャグジー(ホワイト),,FtrJacuzzi_Remake_0_0
ジャグジー(ブラック),,FtrJacuzzi_Remake_1_0
シャワーブース(ホワイト),,FtrShowerboothSquare_Remake_0_0
シャワーブース(ピンク),,FtrShowerboothSquare_Remake_1_0
シャワーブース(ブルー),,FtrShowerboothSquare_Remake_2_0
シャワーブース(ブラック),,FtrShowerboothSquare_Remake_3_0
ジャングルジム(カラフル),非売品,FtrJunglegym_Remake_0_0
ジャングルジム(モノトーン),非売品,FtrJunglegym_Remake_1_0
ジャングルジム(レッド),非売品,FtrJunglegym_Remake_2_0
ジャングルジム(ブルー),非売品,FtrJunglegym_Remake_3_0
ジャングルジム(グリーン),非売品,FtrJunglegym_Remake_4_0
ジュークボックス,,FtrJukebox
じゆうのめがみ,非売品,FtrLiberty
シュラフ(グリーン),,FtrSleepingbag_Remake_0_0
シュラフ(ブラック),,FtrSleepingbag_Remake_1_0
シュラフ(ブルー),,FtrSleepingbag_Remake_2_0
シュラフ(オレンジ),,FtrSleepingbag_Remake_3_0
シュラフ(イエロー),,FtrSleepingbag_Remake_4_0
シュラフ(パープル),,FtrSleepingbag_Remake_5_0
シュラフ(ホワイト),,FtrSleepingbag_Remake_6_0
シュラフ(レッド),,FtrSleepingbag_Remake_7_0
しょうべんき,,FtrWCUrinal
しょさいのイス(ブラック),,FtrDrawingChair_Remake_0_0
しょさいのイス(ホワイト),,FtrDrawingChair_Remake_1_0
しょさいのイス(キャメル),,FtrDrawingChair_Remake_2_0
しょさいのイス(ブラウン),,FtrDrawingChair_Remake_3_0
しょさいのイス(グリーン),,FtrDrawingChair_Remake_4_0
しょさいのイス(レッド),,FtrDrawingChair_Remake_5_0
しょさいのつくえ(ダークウッド),,FtrDrawingTable_Remake_0_0
しょさいのつくえ(ブラウンウッド),,FtrDrawingTable_Remake_1_0
しょさいのつくえ(レッドウッド),,FtrDrawingTable_Remake_2_0
しょさいのつくえ(ナチュラルウッド),,FtrDrawingTable_Remake_3_0
しょさいのつくえ(ホワイト),,FtrDrawingTable_Remake_4_0
シンセサイザー(ブラック),,FtrSynthesizer_Remake_0_0
シンセサイザー(レッド),,FtrSynthesizer_Remake_1_0
シンセサイザー(ブルー),,FtrSynthesizer_Remake_2_0
シンセサイザー(イエロー),,FtrSynthesizer_Remake_3_0
シンセサイザー(シルバー),,FtrSynthesizer_Remake_4_0
シンセサイザー(ブラウン),,FtrSynthesizer_Remake_5_0
じんたいもけい,,FtrAnatomicalmodel
しんちょうけい(グレー),,FtrStadiometer_Remake_0_0
しんちょうけい(ブルー),,FtrStadiometer_Remake_1_0
しんちょうけい(ピンク),,FtrStadiometer_Remake_2_0
シンプルなパネル(ライトグレー),,FtrScreenSimple_Remake_0_0
シンプルなパネル(ブラック),,FtrScreenSimple_Remake_1_0
シンプルなパネル(ホワイト),,FtrScreenSimple_Remake_2_0
シンプルなパネル(ブラウン),,FtrScreenSimple_Remake_3_0
シンプルなパネル(ライトブラウン),,FtrScreenSimple_Remake_4_0
シンプルなパネル(ブロンズ),,FtrScreenSimple_Remake_5_0
シンプルなパネル(シルバー),,FtrScreenSimple_Remake_6_0
シンプルなパネル(ゴールド),,FtrScreenSimple_Remake_7_0
スタンドマイク,,FtrMikeStand
スティックそうじき(シルバー),,FtrCleanerStick_Remake_0_0
スティックそうじき(ホワイト),,FtrCleanerStick_Remake_1_0
スティックそうじき(ブラック),,FtrCleanerStick_Remake_2_0
スティックそうじき(レッド),,FtrCleanerStick_Remake_3_0
スティックそうじき(オレンジ),,FtrCleanerStick_Remake_4_0
スティックそうじき(グリーン),,FtrCleanerStick_Remake_5_0
スティックそうじき(ピンク),,FtrCleanerStick_Remake_6_0
ストーンヘンジ,非売品,FtrStonehenge
すなのしろ(ナチュラルサンド),,FtrSandcastle_Remake_0_0
すなのしろ(ホワイトサンド),,FtrSandcastle_Remake_1_0
すなば,非売品,FtrSandbox
スピードバッグ(レッド),,FtrSpeedbag_Remake_0_0
スピードバッグ(ブルー),,FtrSpeedbag_Remake_1_0
スピードバッグ(ブラック),,FtrSpeedbag_Remake_2_0
スフィンクス,非売品,FtrSphinx
スプリングゆうぐ(ホワイト),非売品,FtrSpringrider_Remake_0_0
スプリングゆうぐ(ブラウン),非売品,FtrSpringrider_Remake_1_0
スプリングゆうぐ(ダークブラウン),非売品,FtrSpringrider_Remake_2_0
スプリングゆうぐ(レッド),非売品,FtrSpringrider_Remake_3_0
スプリングゆうぐ(イエロー),非売品,FtrSpringrider_Remake_4_0
スプリングゆうぐ(ピンク),非売品,FtrSpringrider_Remake_5_0
スプリングゆうぐ(ゼブラ),非売品,FtrSpringrider_Remake_6_0
スポットライト(ホワイト),,FtrLampSpot_Remake_0_0
スポットライト(イエロー),,FtrLampSpot_Remake_1_0
スポットライト(オレンジ),,FtrLampSpot_Remake_2_0
スポットライト(レッド),,FtrLampSpot_Remake_3_0
スポットライト(ピンク),,FtrLampSpot_Remake_4_0
スポットライト(パープル),,FtrLampSpot_Remake_5_0
スポットライト(ブルー),,FtrLampSpot_Remake_6_0
スポットライト(グリーン),,FtrLampSpot_Remake_7_0
ズボンプレッサー(ブラウン),,FtrPantspresser_Remake_0_0
ズボンプレッサー(ブラック),,FtrPantspresser_Remake_1_0
ズボンプレッサー(グレー),,FtrPantspresser_Remake_2_0
スライムランプ(ブルー),,FtrLavalamp_Remake_0_0
スライムランプ(レッド),,FtrLavalamp_Remake_1_0
スライムランプ(イエロー),,FtrLavalamp_Remake_2_0
スライムランプ(エメラルド),,FtrLavalamp_Remake_3_0
スライムランプ(パープル),,FtrLavalamp_Remake_4_0
スライムランプ(グリーン),,FtrLavalamp_Remake_5_0
スライムランプ(ピンク),,FtrLavalamp_Remake_6_0
スロップシンク,,FtrSlopsink
せんたくき(ホワイト),,FtrWashingmachine_Remake_0_0
せんたくき(ピンク),,FtrWashingmachine_Remake_1_0
せんたくき(ブルー),,FtrWashingmachine_Remake_2_0
せんたくき(グリーン),,FtrWashingmachine_Remake_3_0
せんたくき(イエロー),,FtrWashingmachine_Remake_4_0
せんたくき(ブラック),,FtrWashingmachine_Remake_5_0
せんぷうき(ホワイト),,FtrFan_Remake_0_0
せんぷうき(ブラック),,FtrFan_Remake_1_0
せんぷうき(ライトブルー),,FtrFan_Remake_2_0
せんぷうき(ピンク),,FtrFan_Remake_3_0
せんめんだい(ホワイト),,FtrWashstand_Remake_0_0
せんめんだい(ブラック),,FtrWashstand_Remake_1_0
せんめんだい(ベージュ),,FtrWashstand_Remake_2_0
そうじき(レッド),,FtrCleaner_Remake_0_0
そうじき(イエロー),,FtrCleaner_Remake_1_0
そうじき(グリーン),,FtrCleaner_Remake_2_0
そうじき(グレー),,FtrCleaner_Remake_3_0
そうじき(ブラック),,FtrCleaner_Remake_4_0
ゾウのすべりだい(ブルー),,FtrSlideelephant_Remake_0_0
ゾウのすべりだい(ピンク),,FtrSlideelephant_Remake_1_0
ゾウのすべりだい(レッド),,FtrSlideelephant_Remake_2_0
ゾウのすべりだい(ライトブルー),,FtrSlideelephant_Remake_3_0
ゾウのすべりだい(イエロー),,FtrSlideelephant_Remake_4_0
ゾウのすべりだい(ホワイト),,FtrSlideelephant_Remake_5_0
ゾウのすべりだい(グレー),,FtrSlideelephant_Remake_6_0
ゾウのすべりだい(ブラック),,FtrSlideelephant_Remake_7_0
ソーラーパネル(ブルー),非売品,FtrSolarpanel_Remake_0_0
ソーラーパネル(ブラック),非売品,FtrSolarpanel_Remake_1_0
ソフトクリームランプ(バニラ),,FtrLampSoftcream_Remake_0_0
ソフトクリームランプ(むらさきいも),,FtrLampSoftcream_Remake_1_0
ソフトクリームランプ(マンゴー),,FtrLampSoftcream_Remake_2_0
ソフトクリームランプ(ラムネ),,FtrLampSoftcream_Remake_3_0
ソフトクリームランプ(まっちゃ),,FtrLampSoftcream_Remake_4_0
ソフトクリームランプ(チョコレートMIX),,FtrLampSoftcream_Remake_5_0
ソフトクリームランプ(ストロベリーMIX),,FtrLampSoftcream_Remake_6_0
ソフトクリームランプ(レインボー),,FtrLampSoftcream_Remake_7_0
ダーツボード,,FtrDarts
たいじゅうそくていき(ホワイト),,FtrWeightscale_Remake_0_0
たいじゅうそくていき(ブラック),,FtrWeightscale_Remake_1_0
たいじゅうそくていき(レッド),,FtrWeightscale_Remake_2_0
たいじゅうそくていき(ブルー),,FtrWeightscale_Remake_3_0
たいじゅうそくていき(イエロー),,FtrWeightscale_Remake_4_0
たいじゅうそくていき(グリーン),,FtrWeightscale_Remake_5_0
たいじゅうそくていき(ブラウン),,FtrWeightscale_Remake_6_0
ダイナーなイス(レッド),,FtrAmeretroChairS_Remake_0_0
ダイナーなイス(ブルー),,FtrAmeretroChairS_Remake_1_0
ダイナーなイス(イエロー),,FtrAmeretroChairS_Remake_2_0
ダイナーなイス(エメラルド),,FtrAmeretroChairS_Remake_3_0
ダイナーなイス(ピンク),,FtrAmeretroChairS_Remake_4_0
ダイナーなイス(クリーム),,FtrAmeretroChairS_Remake_5_0
ダイナーなイス(ブラック),,FtrAmeretroChairS_Remake_6_0
ダイナーなカウンターチェア(レッド),,FtrAmeretroCounterchair_Remake_0_0
ダイナーなカウンターチェア(ブルー),,FtrAmeretroCounterchair_Remake_1_0
ダイナーなカウンターチェア(イエロー),,FtrAmeretroCounterchair_Remake_2_0
ダイナーなカウンターチェア(エメラルド),,FtrAmeretroCounterchair_Remake_3_0
ダイナーなカウンターチェア(ピンク),,FtrAmeretroCounterchair_Remake_4_0
ダイナーなカウンターチェア(クリーム),,FtrAmeretroCounterchair_Remake_5_0
ダイナーなカウンターチェア(ブラック),,FtrAmeretroCounterchair_Remake_6_0
ダイナーなカウンターテーブル(レッド),,FtrAmeretroCounter_Remake_0_0
ダイナーなカウンターテーブル(ブルー),,FtrAmeretroCounter_Remake_1_0
ダイナーなカウンターテーブル(イエロー),,FtrAmeretroCounter_Remake_2_0
ダイナーなカウンターテーブル(エメラルド),,FtrAmeretroCounter_Remake_3_0
ダイナーなカウンターテーブル(ピンク),,FtrAmeretroCounter_Remake_4_0
ダイナーなカウンターテーブル(クリーム),,FtrAmeretroCounter_Remake_5_0
ダイナーなカウンターテーブル(ブラック),,FtrAmeretroCounter_Remake_6_0
ダイナーなソファ(レッド),,FtrAmeretroChairL_Remake_0_0
ダイナーなソファ(ブルー),,FtrAmeretroChairL_Remake_1_0
ダイナーなソファ(イエロー),,FtrAmeretroChairL_Remake_2_0
ダイナーなソファ(エメラルド),,FtrAmeretroChairL_Remake_3_0
ダイナーなソファ(ピンク),,FtrAmeretroChairL_Remake_4_0
ダイナーなソファ(クリーム),,FtrAmeretroChairL_Remake_5_0
ダイナーなソファ(ブラック),,FtrAmeretroChairL_Remake_6_0
ダイナーなダイニングテーブル(レッド),,FtrAmeretroTableM_Remake_0_0
ダイナーなダイニングテーブル(ブルー),,FtrAmeretroTableM_Remake_1_0
ダイナーなダイニングテーブル(イエロー),,FtrAmeretroTableM_Remake_2_0
ダイナーなダイニングテーブル(エメラルド),,FtrAmeretroTableM_Remake_3_0
ダイナーなダイニングテーブル(ピンク),,FtrAmeretroTableM_Remake_4_0
ダイナーなダイニングテーブル(クリーム),,FtrAmeretroTableM_Remake_5_0
ダイナーなダイニングテーブル(ブラック),,FtrAmeretroTableM_Remake_6_0
ダイナーなネオンかんばん(レッド),,FtrAmeretroNeon_Remake_0_0
ダイナーなネオンかんばん(オレンジ),,FtrAmeretroNeon_Remake_1_0
ダイナーなネオンかんばん(グリーン),,FtrAmeretroNeon_Remake_2_0
ダイナーなネオンかんばん(パープル),,FtrAmeretroNeon_Remake_3_0
ダイナーなネオンかんばん(ブルー),,FtrAmeretroNeon_Remake_4_0
ダイナーなミニテーブル(レッド),,FtrAmeretroTableS_Remake_0_0
ダイナーなミニテーブル(ブルー),,FtrAmeretroTableS_Remake_1_0
ダイナーなミニテーブル(イエロー),,FtrAmeretroTableS_Remake_2_0
ダイナーなミニテーブル(エメラルド),,FtrAmeretroTableS_Remake_3_0
ダイナーなミニテーブル(ピンク),,FtrAmeretroTableS_Remake_4_0
ダイナーなミニテーブル(クリーム),,FtrAmeretroTableS_Remake_5_0
ダイナーなミニテーブル(ブラック),,FtrAmeretroTableS_Remake_6_0
タタミのベッド(ダークブラウン),,FtrTatamiBedS_Remake_0_0
タタミのベッド(ナチュラル),,FtrTatamiBedS_Remake_1_0
タタミのベッド(ブラック),,FtrTatamiBedS_Remake_2_0
タタミのベッド(ライトブラウン),,FtrTatamiBedS_Remake_3_0
たっきゅうだい,,FtrTakkyu
ダブルソファ(レッド),,FtrSofaL_Remake_0_0
ダブルソファ(イエロー),,FtrSofaL_Remake_1_0
ダブルソファ(グリーン),,FtrSofaL_Remake_2_0
ダブルソファ(ブルー),,FtrSofaL_Remake_3_0
ダブルソファ(ホワイト),,FtrSofaL_Remake_4_0
ダブルソファ(ライトブラウン),,FtrSofaL_Remake_5_0
ダブルソファ(ダークブラウン),,FtrSofaL_Remake_6_0
ダブルソファ(ブラック),,FtrSofaL_Remake_7_0
タンクレストイレ(ホワイト),,FtrWCTankless_Remake_0_0
タンクレストイレ(アイボリー),,FtrWCTankless_Remake_1_0
タンクレストイレ(ピンク),,FtrWCTankless_Remake_2_0
タンクレストイレ(ライトブルー),,FtrWCTankless_Remake_3_0
タンクレストイレ(ブラック),,FtrWCTankless_Remake_4_0
だんろ(レッド),,FtrFireplace_Remake_0_0
だんろ(ダークブラウン),,FtrFireplace_Remake_1_0
だんろ(ベージュ),,FtrFireplace_Remake_2_0
だんろ(ホワイト),,FtrFireplace_Remake_3_0
チェロ(ナチュラル),,FtrCello_Remake_0_0
チェロ(ホワイト),,FtrCello_Remake_1_0
チェロ(ブラック),,FtrCello_Remake_2_0
ちゅうかテーブル(レッド),,FtrLazysusan_Remake_0_0
ちゅうかテーブル(ブラウン),,FtrLazysusan_Remake_1_0
ちゅうかなイス(ブラック),,FtrChineseChair_Remake_0_0
ちゅうかなイス(ブラウン),,FtrChineseChair_Remake_1_0
ツールカート(レッド),,FtrToolcart_Remake_0_0
ツールカート(オレンジ),,FtrToolcart_Remake_1_0
ツールカート(イエロー),,FtrToolcart_Remake_2_0
ツールカート(グリーン),,FtrToolcart_Remake_3_0
ツールカート(ブルー),,FtrToolcart_Remake_4_0
ツールカート(ピンク),,FtrToolcart_Remake_5_0
ツールカート(ブラック),,FtrToolcart_Remake_6_0
ツールカート(シルバー),,FtrToolcart_Remake_7_0
ディレクターズチェア(ライトブラウン),,FtrDirectorchair_Remake_0_0
ディレクターズチェア(ダークブラウン),,FtrDirectorchair_Remake_1_0
ディレクターズチェア(ホワイト),,FtrDirectorchair_Remake_2_0
ディレクターズチェア(ブラック),,FtrDirectorchair_Remake_3_0
テーブルサッカー(ブラウン),,FtrTablesoccer_Remake_0_0
テーブルサッカー(ダークブラウン),,FtrTablesoccer_Remake_1_0
テーブルサッカー(ブルー),,FtrTablesoccer_Remake_2_0
てつどうもけい(春),,FtrRailroad_Remake_0_0
てつどうもけい(夏),,FtrRailroad_Remake_1_0
てつどうもけい(秋),,FtrRailroad_Remake_2_0
てつどうもけい(冬),,FtrRailroad_Remake_3_0
てまわしオルガン(ナチュラル),,FtrStreetorgan_Remake_0_0
てまわしオルガン(ブルー),,FtrStreetorgan_Remake_1_0
てまわしオルガン(イエロー),,FtrStreetorgan_Remake_2_0
てまわしオルガン(ダークブラウン),,FtrStreetorgan_Remake_3_0
テレビカメラ(ブラック),,FtrCameraTV_Remake_0_0
テレビカメラ(ホワイト),,FtrCameraTV_Remake_1_0
でんちゅう(広告なし),非売品,FtrTelephonepole_Remake_0_0
でんちゅう(広告あり),非売品,FtrTelephonepole_Remake_1_0
でんどうキックボード(レッド),,FtrKickboardElectric_Remake_0_0
でんどうキックボード(ホワイト),,FtrKickboardElectric_Remake_1_0
でんどうキックボード(イエロー),,FtrKickboardElectric_Remake_2_0
でんどうキックボード(グリーン),,FtrKickboardElectric_Remake_3_0
でんどうキックボード(ブルー),,FtrKickboardElectric_Remake_4_0
でんどうキックボード(ピンク),,FtrKickboardElectric_Remake_5_0
でんわボックス(レッド),非売品,FtrTelephonebox_Remake_0_0
でんわボックス(グリーン),非売品,FtrTelephonebox_Remake_1_0
でんわボックス(ブルー),非売品,FtrTelephonebox_Remake_2_0
でんわボックス(イエロー),非売品,FtrTelephonebox_Remake_3_0
でんわボックス(ブラウン),非売品,FtrTelephonebox_Remake_4_0
でんわボックス(ホワイト),非売品,FtrTelephonebox_Remake_5_0
でんわボックス(ブラック),非売品,FtrTelephonebox_Remake_6_0
でんわボックス(ゴールド),非売品,FtrTelephonebox_Remake_7_0
トイレそうじセット(モノトーン),,FtrCleaningsetWC_Remake_0_0
トイレそうじセット(カラフル),,FtrCleaningsetWC_Remake_1_0
とうだい(レッド),非売品,FtrLighthouse_Remake_0_0
とうだい(ブラック),非売品,FtrLighthouse_Remake_1_0
とうだい(ブルー),非売品,FtrLighthouse_Remake_2_0
とうだい(ホワイト),非売品,FtrLighthouse_Remake_3_0
とうだい(イエロー),非売品,FtrLighthouse_Remake_4_0
とうだい(グレー),非売品,FtrLighthouse_Remake_5_0
ドラムかん(ライトグリーン),,FtrDrumcan_Remake_0_0
ドラムかん(ブルー),,FtrDrumcan_Remake_1_0
ドラムかん(ライトブルー),,FtrDrumcan_Remake_2_0
ドラムかん(オレンジ),,FtrDrumcan_Remake_3_0
ドラムかん(デンジャー),,FtrDrumcan_Remake_4_0
ドラムかん(レッド),,FtrDrumcan_Remake_5_0
ドラムかん(グリーン),,FtrDrumcan_Remake_6_0
ドラムかん(ダメージ),,FtrDrumcan_Remake_7_0
ドラムしきせんたくき(ホワイト),,FtrWashingmachineDrum_Remake_0_0
ドラムしきせんたくき(ブラック),,FtrWashingmachineDrum_Remake_1_0
ドラムしきせんたくき(ブルー),,FtrWashingmachineDrum_Remake_2_0
ドラムしきせんたくき(レッド),,FtrWashingmachineDrum_Remake_3_0
ドラムしきせんたくき(イエロー),,FtrWashingmachineDrum_Remake_4_0
ドラムしきせんたくき(ピンク),,FtrWashingmachineDrum_Remake_5_0
ドラムセット(ゴールデンイエロー),,FtrDrumSet_Remake_0_0
ドラムセット(コスモブラック),,FtrDrumSet_Remake_1_0
ドラムセット(パールホワイト),,FtrDrumSet_Remake_2_0
ドラムセット(ナチュラルウッド),,FtrDrumSet_Remake_3_0
ドラムセット(マリンブルー),,FtrDrumSet_Remake_4_0
ドラムセット(ローズピンク),,FtrDrumSet_Remake_5_0
ドラムセット(エバーグリーン),,FtrDrumSet_Remake_6_0
ドラムセット(B&W),,FtrDrumSet_Remake_7_0
なんきょくてん,非売品,FtrSouthpole
にだんベッド(シルバー),,FtrBunkbed_Remake_0_0
にだんベッド(ブラック),,FtrBunkbed_Remake_1_0
にだんベッド(ホワイト),,FtrBunkbed_Remake_2_0
にだんベッド(レッド),,FtrBunkbed_Remake_3_0
にだんベッド(ブルー),,FtrBunkbed_Remake_4_0
にだんベッド(イエロー),,FtrBunkbed_Remake_5_0
にだんベッド(ピンク),,FtrBunkbed_Remake_6_0
ニュートラルコーナー,,FtrRingcornerNeutral_Remake_0_0
ねこあしバスタブ(ホワイト),,FtrBathtubCabriole_Remake_0_0
ねこあしバスタブ(ブラック),,FtrBathtubCabriole_Remake_1_0
ねこあしバスタブ(レッド),,FtrBathtubCabriole_Remake_2_0
ねこあしバスタブ(ブルー),,FtrBathtubCabriole_Remake_3_0
ねこあしバスタブ(ピンク),,FtrBathtubCabriole_Remake_4_0
ねこあしバスタブ(イエロー),,FtrBathtubCabriole_Remake_5_0
ネコぐるま(グリーン),,FtrHandcart_Remake_0_0
ネコぐるま(ブルー),,FtrHandcart_Remake_1_0
ネコぐるま(ブラウン),,FtrHandcart_Remake_2_0
ネコぐるま(イエロー),,FtrHandcart_Remake_3_0
ネコぐるま(レッド),,FtrHandcart_Remake_4_0
ネコぐるま(ブラック),,FtrHandcart_Remake_5_0
ネコのトイレ(ホワイト),,FtrPetWC_Remake_0_0
ネコのトイレ(オレンジ),,FtrPetWC_Remake_1_0
ネコのトイレ(グリーン),,FtrPetWC_Remake_2_0
ネコのトイレ(ライトブルー),,FtrPetWC_Remake_3_0
ネコのトイレ(ピンク),,FtrPetWC_Remake_4_0
ネコのトイレ(ブラウン),,FtrPetWC_Remake_5_0
ネコのトイレ(ブラック),,FtrPetWC_Remake_6_0
バースデーテーブル(カラフル),非売品,FtrBirthdayTable_Remake_0_0
バースデーテーブル(ピンク),非売品,FtrBirthdayTable_Remake_1_0
バースデーテーブル(ブルー),非売品,FtrBirthdayTable_Remake_2_0
バースデーテーブル(グリーン),非売品,FtrBirthdayTable_Remake_3_0
バースデーテーブル(オレンジ),非売品,FtrBirthdayTable_Remake_4_0
バースデーテーブル(ゴージャス),非売品,FtrBirthdayTable_Remake_5_0
バースデーボード(カラフル),非売品,FtrBirthdayBoard_Remake_0_0
バースデーボード(ピンク),非売品,FtrBirthdayBoard_Remake_1_0
バースデーボード(ブルー),非売品,FtrBirthdayBoard_Remake_2_0
バースデーボード(グリーン),非売品,FtrBirthdayBoard_Remake_3_0
バースデーボード(オレンジ),非売品,FtrBirthdayBoard_Remake_4_0
バースデーボード(ゴージャス),非売品,FtrBirthdayBoard_Remake_5_0
ハープ(ブラウン),,FtrHarp_Remake_0_0
ハープ(ライトブラウン),,FtrHarp_Remake_1_0
ハープ(ダークブラウン),,FtrHarp_Remake_2_0
ハープ(ホワイト),,FtrHarp_Remake_3_0
ハープ(ブラック),,FtrHarp_Remake_4_0
バーベキューグリル(レッド),,FtrBarbecuegrill_Remake_0_0
バーベキューグリル(イエロー),,FtrBarbecuegrill_Remake_1_0
バーベキューグリル(グリーン),,FtrBarbecuegrill_Remake_2_0
バーベキューグリル(ホワイト),,FtrBarbecuegrill_Remake_3_0
バーベキューグリル(ブラック),,FtrBarbecuegrill_Remake_4_0
パイプイス(ブルー),,FtrPipechair_Remake_0_0
パイプイス(グリーン),,FtrPipechair_Remake_1_0
パイプイス(レッド),,FtrPipechair_Remake_2_0
パイプイス(ブラウン),,FtrPipechair_Remake_3_0
パイプイス(ブラック),,FtrPipechair_Remake_4_0
パイプイス(ホワイト),,FtrPipechair_Remake_5_0
パイロン(レッド),,FtrPylon_Remake_0_0
パイロン(ブルー),,FtrPylon_Remake_1_0
パイロン(イエロー),,FtrPylon_Remake_2_0
パイロン(ホワイト),,FtrPylon_Remake_3_0
パイロン(レッドストライプ),,FtrPylon_Remake_4_0
パイロン(グリーンストライプ),,FtrPylon_Remake_5_0
パイロン(反射板つき),,FtrPylon_Remake_6_0
パイロン(デンジャー),,FtrPylon_Remake_7_0
バスケットのゴール(ブルー),,FtrBasketgoal_Remake_0_0
バスケットのゴール(グリーン),,FtrBasketgoal_Remake_1_0
バスケットのゴール(ブラック),,FtrBasketgoal_Remake_2_0
バスタブ(ホワイト),,FtrBathtub_Remake_0_0
バスタブ(黒大理石),,FtrBathtub_Remake_1_0
バスタブ(白大理石),,FtrBathtub_Remake_2_0
バスタブ(ピンク),,FtrBathtub_Remake_3_0
バスタブ(ライトブルー),,FtrBathtub_Remake_4_0
バスタブ(グリーン),,FtrBathtub_Remake_5_0
バスタブ(ツートンタイル),,FtrBathtub_Remake_6_0
はたおりき,,FtrLoom_Remake_0_0
はなわ(ポップ),,FtrWreath_Remake_0_0
はなわ(キュート),,FtrWreath_Remake_1_0
はなわ(エレガント),,FtrWreath_Remake_2_0
パブリックベンチ(ブルー),非売品,FtrPublicbench_Remake_0_0
パブリックベンチ(グリーン),非売品,FtrPublicbench_Remake_1_0
パブリックベンチ(レッド),非売品,FtrPublicbench_Remake_2_0
パブリックベンチ(ホワイト),非売品,FtrPublicbench_Remake_3_0
パブリックベンチ(ブルー×イエロー),非売品,FtrPublicbench_Remake_4_0
パブリックベンチ(グリーン×オレンジ),非売品,FtrPublicbench_Remake_5_0
パブリックベンチ(ライトブルー×ピンク),非売品,FtrPublicbench_Remake_6_0
パブリックベンチ(モノトーン),非売品,FtrPublicbench_Remake_7_0
パラボラアンテナ(無地),非売品,FtrParabolicantenna_Remake_0_0
パラボラアンテナ(赤いロゴ),非売品,FtrParabolicantenna_Remake_1_0
パラボラアンテナ(緑のロゴ),非売品,FtrParabolicantenna_Remake_2_0
バランスボール(ブルー),,FtrBalanceball_Remake_0_0
バランスボール(ピンク),,FtrBalanceball_Remake_1_0
バランスボール(ホワイト),,FtrBalanceball_Remake_2_0
バランスボール(ブラック),,FtrBalanceball_Remake_3_0
バランスボール(ゴールド),,FtrBalanceball_Remake_4_0
はんごう,,FtrMesstin
パンダのタアタア,,FtrPandaL
パンダのチュンチュン,,FtrPandaM
ハンモック(ブラウン),,FtrHammock_Remake_0_0
ハンモック(ライトブラウン),,FtrHammock_Remake_1_0
ハンモック(イエロー),,FtrHammock_Remake_2_0
ハンモック(ブルー),,FtrHammock_Remake_3_0
ハンモック(ピンク),,FtrHammock_Remake_4_0
ハンモック(ホワイト),,FtrHammock_Remake_5_0
ハンモック(ブラック),,FtrHammock_Remake_6_0
ピアノのイス(ブラック),,FtrPianochair_Remake_0_0
ピアノのイス(レッド),,FtrPianochair_Remake_1_0
ピアノのイス(ホワイト),,FtrPianochair_Remake_2_0
ピアノのイス(ブルー),,FtrPianochair_Remake_3_0
ピアノのイス(ブラウン),,FtrPianochair_Remake_4_0
ピアノのイス(グリーン),,FtrPianochair_Remake_5_0
ピアノのイス(ライトグリーン),,FtrPianochair_Remake_6_0
ピアノのイス(キャメル),,FtrPianochair_Remake_7_0
ピアノのまるいす,,FtrPianoStool
ビーチタオル,,FtrBeachtowel_Remake_0_0
ビーチのかんしだい(ブルー),非売品,FtrMonitoringchair_Remake_0_0
ビーチのかんしだい(ホワイト),非売品,FtrMonitoringchair_Remake_1_0
ビーチのかんしだい(イエロー),非売品,FtrMonitoringchair_Remake_2_0
ビーチのかんしだい(グリーン),非売品,FtrMonitoringchair_Remake_3_0
ビーチのかんしだい(レッド),非売品,FtrMonitoringchair_Remake_4_0
ビーチベッド(ホワイト),,FtrBeachbed_Remake_0_0
ビーチベッド(ブラック),,FtrBeachbed_Remake_1_0
ビーチベッド(ブルー),,FtrBeachbed_Remake_2_0
ビーチベッド(オレンジ),,FtrBeachbed_Remake_3_0
ビーチベッド(イエロー),,FtrBeachbed_Remake_4_0
ビーチベッド(ピンク),,FtrBeachbed_Remake_5_0
ひくいついたて(ライトブラウン),,FtrScreenJapanLow_Remake_0_0
ひくいついたて(ダークブラウン),,FtrScreenJapanLow_Remake_1_0
ひくいついたて(ブラウン),,FtrScreenJapanLow_Remake_2_0
ピサのしゃとう,非売品,FtrPisa
ビデ,,FtrWCBidet
ビデオカメラ(ブラック),,FtrVideocamera_Remake_0_0
ビデオカメラ(シルバー),,FtrVideocamera_Remake_1_0
ビデオカメラ(レッド),,FtrVideocamera_Remake_2_0
ビニールチェア(ブルー),,FtrVinylchair_Remake_0_0
ビニールチェア(トリコロール),,FtrVinylchair_Remake_1_0
ビニールチェア(ピンク),,FtrVinylchair_Remake_2_0
ビニールチェア(イエロー),,FtrVinylchair_Remake_3_0
ビニールチェア(グリーン),,FtrVinylchair_Remake_4_0
ビニールチェア(ブラック),,FtrVinylchair_Remake_5_0
ビニールプール(ブルー),,FtrGardenpool_Remake_0_0
ビニールプール(ピンク),,FtrGardenpool_Remake_1_0
ビニールプール(グリーン),,FtrGardenpool_Remake_2_0
ビニールプール(オレンジ),,FtrGardenpool_Remake_3_0
ビニールプール(カラフル),,FtrGardenpool_Remake_4_0
ビニールプール(ドット),,FtrGardenpool_Remake_5_0
ひのきぶろ(ライトウッド),,FtrBathHinoki_Remake_0_0
ひのきぶろ(ナチュラルウッド),,FtrBathHinoki_Remake_1_0
ひのきぶろ(ダークウッド),,FtrBathHinoki_Remake_2_0
ひもの(サカナ),非売品,FtrDriedfish_Remake_0_0
ひもの(イカ),非売品,FtrDriedfish_Remake_1_0
ひもの(タコ),非売品,FtrDriedfish_Remake_2_0
びょうぶ(竹),,FtrScreenByoubu_Remake_0_0
びょうぶ(梅),,FtrScreenByoubu_Remake_1_0
びょうぶ(松),,FtrScreenByoubu_Remake_2_0
びょうぶ(虎),,FtrScreenByoubu_Remake_3_0
びょうぶ(龍),,FtrScreenByoubu_Remake_4_0
ピラミッド,非売品,FtrPyramid
ビリヤードのだい(グリーン),,FtrBilliard_Remake_0_0
ビリヤードのだい(レッド),,FtrBilliard_Remake_1_0
ビリヤードのだい(ブルー),,FtrBilliard_Remake_2_0
ピンボールだい(ホワイト),,FtrPinball_Remake_0_0
ピンボールだい(レッド),,FtrPinball_Remake_1_0
ピンボールだい(ブルー),,FtrPinball_Remake_2_0
ピンボールだい(ブラック),,FtrPinball_Remake_3_0
ピンボールだい(ブラウン),,FtrPinball_Remake_4_0
ファイヤーピット,,FtrFirepit
ファッションケース(ホワイト),,FtrFashioncase_Remake_0_0
ファッションケース(ブラック),,FtrFashioncase_Remake_1_0
ファッションケース(オレンジ),,FtrFashioncase_Remake_2_0
ファッションケース(ブルー),,FtrFashioncase_Remake_3_0
ファッションケース(ピンク),,FtrFashioncase_Remake_4_0
ファッションケース(ライトブルー),,FtrFashioncase_Remake_5_0
ふうりょくはつでんき(ブルー),非売品,FtrWindturbine_Remake_0_0
ふうりょくはつでんき(レッド),非売品,FtrWindturbine_Remake_1_0
プール(ホワイト),非売品,FtrPool_Remake_0_0
プール(ブラウン),非売品,FtrPool_Remake_1_0
プール(グレー),非売品,FtrPool_Remake_2_0
プールサイドベッド(ライトブラウン),,FtrPoolsidebed_Remake_0_0
プールサイドベッド(ブラウン),,FtrPoolsidebed_Remake_1_0
プールサイドベッド(ダークブラウン),,FtrPoolsidebed_Remake_2_0
フォーチュンクッキーワゴン,,FtrCompassFortuneshop
ふとん,,FtrFuton_Remake_0_0
ブリキのペール,,FtrPaleTinplate
ふるいミシン(ブラック),,FtrSewingmachineRetro_Remake_0_0
ふるいミシン(グリーン),,FtrSewingmachineRetro_Remake_1_0
ふるいミシン(シルバー),,FtrSewingmachineRetro_Remake_2_0
フレームキッチン,,FtrKitchenFlame
プレスベンチ,,FtrPressbench
フレンチドアれいぞうこ(シルバー),,FtrRefrigeratorDoubledoor_Remake_0_0
フレンチドアれいぞうこ(ホワイト),,FtrRefrigeratorDoubledoor_Remake_1_0
フレンチドアれいぞうこ(ブラック),,FtrRefrigeratorDoubledoor_Remake_2_0
フレンチドアれいぞうこ(レッド),,FtrRefrigeratorDoubledoor_Remake_3_0
フロアランプ(ナチュラル),,FtrLamp_Remake_0_0
フロアランプ(ブラウン),,FtrLamp_Remake_1_0
フロアランプ(ホワイト),,FtrLamp_Remake_2_0
フロアランプ(ブラック),,FtrLamp_Remake_3_0
ペール,,FtrPale
ベッドデスク(ナチュラル),,FtrBeddesk_Remake_0_0
ベッドデスク(ブラウン),,FtrBeddesk_Remake_1_0
ベッドデスク(ホワイト),,FtrBeddesk_Remake_2_0
ベッドデスク(ブラック),,FtrBeddesk_Remake_3_0
ベッドデスク(ブルー),,FtrBeddesk_Remake_4_0
ベッドデスク(オレンジ),,FtrBeddesk_Remake_5_0
ベッドデスク(ライトブルー),,FtrBeddesk_Remake_6_0
ベッドデスク(ピンク),,FtrBeddesk_Remake_7_0
ペットのベッド(ナチュラル),,FtrPetBed_Remake_0_0
ペットのベッド(ダークブラウン),,FtrPetBed_Remake_1_0
ペットのベッド(ホワイト),,FtrPetBed_Remake_2_0
ぼうえんきょう,,FtrTelescope
ホースリール(シルバー),,FtrHosereel_Remake_0_0
ホースリール(イエロー),,FtrHosereel_Remake_1_0
ホースリール(レッド),,FtrHosereel_Remake_2_0
ホースリール(グリーン),,FtrHosereel_Remake_3_0
ホースリール(ブルー),,FtrHosereel_Remake_4_0
ホースリール(ブラック),,FtrHosereel_Remake_5_0
ボックスソファ(エメラルド),,FtrBoxsofa_Remake_0_0
ボックスソファ(ピンク),,FtrBoxsofa_Remake_1_0
ボックスソファ(オレンジ),,FtrBoxsofa_Remake_2_0
ボックスソファ(ネイビー),,FtrBoxsofa_Remake_3_0
ボックスソファ(イエロー),,FtrBoxsofa_Remake_4_0
ボックスソファ(マゼンタ),,FtrBoxsofa_Remake_5_0
ボックスソファ(ホワイト),,FtrBoxsofa_Remake_6_0
ボックスソファ(ブラック),,FtrBoxsofa_Remake_7_0
ボックスソファのコーナー(エメラルド),,FtrBoxsofaCorner_Remake_0_0
ボックスソファのコーナー(ピンク),,FtrBoxsofaCorner_Remake_1_0
ボックスソファのコーナー(オレンジ),,FtrBoxsofaCorner_Remake_2_0
ボックスソファのコーナー(ネイビー),,FtrBoxsofaCorner_Remake_3_0
ボックスソファのコーナー(イエロー),,FtrBoxsofaCorner_Remake_4_0
ボックスソファのコーナー(マゼンタ),,FtrBoxsofaCorner_Remake_5_0
ボックスソファのコーナー(ホワイト),,FtrBoxsofaCorner_Remake_6_0
ボックスソファのコーナー(ブラック),,FtrBoxsofaCorner_Remake_7_0
ポップコーンマシン(レッド),,FtrPopcornmachine_Remake_0_0
ポップコーンマシン(グリーン),,FtrPopcornmachine_Remake_1_0
ポップコーンマシン(ピンク),,FtrPopcornmachine_Remake_2_0
ポップコーンマシン(ブルー),,FtrPopcornmachine_Remake_3_0
ポップコーンマシン(ブラック),,FtrPopcornmachine_Remake_4_0
ホワイトボード(無地),,FtrWhiteboard_Remake_0_0
ホワイトボード(予定表),,FtrWhiteboard_Remake_1_0
ホワイトボード(営業会議),,FtrWhiteboard_Remake_2_0
ホワイトボード(語学教室),,FtrWhiteboard_Remake_3_0
ホワイトボード(作戦会議),,FtrWhiteboard_Remake_4_0
ホワイトボード(アイデア会議),,FtrWhiteboard_Remake_5_0
ホワイトボード(捜査会議),,FtrWhiteboard_Remake_6_0
マウンテンバイク(グリーン),,FtrMountainbike_Remake_0_0
マウンテンバイク(イエロー),,FtrMountainbike_Remake_1_0
マウンテンバイク(ピンク),,FtrMountainbike_Remake_2_0
マウンテンバイク(ブルー),,FtrMountainbike_Remake_3_0
マウンテンバイク(ホワイト),,FtrMountainbike_Remake_4_0
マウンテンバイク(ブラック),,FtrMountainbike_Remake_5_0
マウントシェードのフロアランプ(イエロー),,FtrLampMount_Remake_0_0
マウントシェードのフロアランプ(ブルー),,FtrLampMount_Remake_1_0
マウントシェードのフロアランプ(レッド),,FtrLampMount_Remake_2_0
マウントシェードのフロアランプ(グリーン),,FtrLampMount_Remake_3_0
マウントシェードのフロアランプ(ライム),,FtrLampMount_Remake_4_0
マウントシェードのフロアランプ(ピンク),,FtrLampMount_Remake_5_0
マウントシェードのフロアランプ(パープル),,FtrLampMount_Remake_6_0
マウントシェードのフロアランプ(ホワイト),,FtrLampMount_Remake_7_0
まきストーブ,,FtrStoveWood
まめイス(レッド),,FtrBabychair_Remake_0_0
まめイス(ピンク),,FtrBabychair_Remake_1_0
まめイス(イエロー),,FtrBabychair_Remake_2_0
まめイス(グリーン),,FtrBabychair_Remake_3_0
まめイス(ブルー),,FtrBabychair_Remake_4_0
まめイス(ホワイト),,FtrBabychair_Remake_5_0
まめイス(ブラック),,FtrBabychair_Remake_6_0
マリンバ,,FtrMarimba
まるがたストーブ(ホワイト),,FtrStoveRound_Remake_0_0
まるがたストーブ(ブラック),,FtrStoveRound_Remake_1_0
まるがたストーブ(レッド),,FtrStoveRound_Remake_2_0
まるがたストーブ(グリーン),,FtrStoveRound_Remake_3_0
まるがたストーブ(オレンジ),,FtrStoveRound_Remake_4_0
まるがたストーブ(ライトブルー),,FtrStoveRound_Remake_5_0
マルチコンポ,,FtrComponentPro
まわるコーヒーカップ(カラフル),非売品,FtrTurncup_Remake_0_0
まわるコーヒーカップ(ゴージャス),非売品,FtrTurncup_Remake_1_0
まわるコーヒーカップ(パステル),非売品,FtrTurncup_Remake_2_0
まわるコーヒーカップ(クール),非売品,FtrTurncup_Remake_3_0
ミニれいぞうこ(ホワイト),,FtrRefrigeratorMini_Remake_0_0
ミニれいぞうこ(レッド),,FtrRefrigeratorMini_Remake_1_0
ミニれいぞうこ(ピンク),,FtrRefrigeratorMini_Remake_2_0
ミニれいぞうこ(イエロー),,FtrRefrigeratorMini_Remake_3_0
ミニれいぞうこ(ブルー),,FtrRefrigeratorMini_Remake_4_0
ミニれいぞうこ(木目調),,FtrRefrigeratorMini_Remake_5_0
ミニれいぞうこ(ブラック),,FtrRefrigeratorMini_Remake_6_0
ミニれいぞうこ(グレー),,FtrRefrigeratorMini_Remake_7_0
めすのフラミンゴ(ナチュラル),,FtrFlamingoFemale_Remake_0_0
めすのフラミンゴ(白),,FtrFlamingoFemale_Remake_1_0
メニューこくばん(ナチュラル),,FtrMenuboard_Remake_0_0
メニューこくばん(ダークブラウン),,FtrMenuboard_Remake_1_0
メニューこくばん(ホワイト),,FtrMenuboard_Remake_2_0
メニューこくばん(ブルー),,FtrMenuboard_Remake_3_0
メニューこくばん(レッド),,FtrMenuboard_Remake_4_0
モアイ,非売品,FtrMoai
ものほしざお(シルバー),,FtrClotheshorse_Remake_0_0
ものほしざお(ブルー),,FtrClotheshorse_Remake_1_0
ものほしスタンド(シルバー),,FtrClothesstand_Remake_0_0
ものほしスタンド(アイボリー),,FtrClothesstand_Remake_1_0
ものほしスタンド(ブラック),,FtrClothesstand_Remake_2_0
ものほしスタンド(ホワイト),,FtrClothesstand_Remake_3_0
モンステラ(ブラック),,FtrPlantMonstera_Remake_0_0
モンステラ(ブラウン),,FtrPlantMonstera_Remake_1_0
モンステラ(レッド),,FtrPlantMonstera_Remake_2_0
モンステラ(イエロー),,FtrPlantMonstera_Remake_3_0
モンステラ(ブルー),,FtrPlantMonstera_Remake_4_0
モンステラ(ホワイト),,FtrPlantMonstera_Remake_5_0
ヤマドリヤシ(ブラック),,FtrPlantYamadoriyashi_Remake_0_0
ヤマドリヤシ(ホワイト),,FtrPlantYamadoriyashi_Remake_1_0
ヤマドリヤシ(ブラウン),,FtrPlantYamadoriyashi_Remake_2_0
ヤマドリヤシ(ブルー),,FtrPlantYamadoriyashi_Remake_3_0
ヤマドリヤシ(グリーン),,FtrPlantYamadoriyashi_Remake_4_0
ヤマドリヤシ(レッド),,FtrPlantYamadoriyashi_Remake_5_0
ゆうしょうき(レッド),,FtrVictoryflag_Remake_0_0
ゆうしょうき(ブルー),,FtrVictoryflag_Remake_1_0
ゆうしょうき(グリーン),,FtrVictoryflag_Remake_2_0
ゆうしょうき(ブラック),,FtrVictoryflag_Remake_3_0
ユッカ(ホワイト),,FtrPlantYucca_Remake_0_0
ユッカ(ブラウン),,FtrPlantYucca_Remake_1_0
ユッカ(グリーン),,FtrPlantYucca_Remake_2_0
ユッカ(ブルー),,FtrPlantYucca_Remake_3_0
ユッカ(ブラック),,FtrPlantYucca_Remake_4_0
ようしきトイレ(ホワイト),,FtrWC_Remake_0_0
ようしきトイレ(ナチュラルウッド),,FtrWC_Remake_1_0
ようしきトイレ(ダークウッド),,FtrWC_Remake_2_0
ラタンのくずかご(ブラウン),,FtrRattanTrashbox_Remake_0_0
ラタンのくずかご(レッドブラウン),,FtrRattanTrashbox_Remake_1_0
ラタンのくずかご(ライトブラウン),,FtrRattanTrashbox_Remake_2_0
ラタンのくずかご(ホワイト),,FtrRattanTrashbox_Remake_3_0
ラタンのくずかご(グレー),,FtrRattanTrashbox_Remake_4_0
ラタンのくずかご(ブラック),,FtrRattanTrashbox_Remake_5_0
ラタンのクロゼット(ブラウン),,FtrRattanClosetLR_Remake_0_0
ラタンのクロゼット(レッドブラウン),,FtrRattanClosetLR_Remake_1_0
ラタンのクロゼット(ライトブラウン),,FtrRattanClosetLR_Remake_2_0
ラタンのクロゼット(ホワイト),,FtrRattanClosetLR_Remake_3_0
ラタンのクロゼット(グレー),,FtrRattanClosetLR_Remake_4_0
ラタンのクロゼット(ブラック),,FtrRattanClosetLR_Remake_5_0
ラタンのサイドテーブル(ブラウン),,FtrRattanTableS_Remake_0_0
ラタンのサイドテーブル(レッドブラウン),,FtrRattanTableS_Remake_1_0
ラタンのサイドテーブル(ライトブラウン),,FtrRattanTableS_Remake_2_0
ラタンのサイドテーブル(ホワイト),,FtrRattanTableS_Remake_3_0
ラタンのサイドテーブル(グレー),,FtrRattanTableS_Remake_4_0
ラタンのサイドテーブル(ブラック),,FtrRattanTableS_Remake_5_0
ラタンのスツール(ブラウン),,FtrRattanStool_Remake_0_0
ラタンのスツール(レッドブラウン),,FtrRattanStool_Remake_1_0
ラタンのスツール(ライトブラウン),,FtrRattanStool_Remake_2_0
ラタンのスツール(ホワイト),,FtrRattanStool_Remake_3_0
ラタンのスツール(グレー),,FtrRattanStool_Remake_4_0
ラタンのスツール(ブラック),,FtrRattanStool_Remake_5_0
ラタンのソファ(ブラウン),,FtrRattanChairS_Remake_0_0
ラタンのソファ(レッドブラウン),,FtrRattanChairS_Remake_1_0
ラタンのソファ(ライトブラウン),,FtrRattanChairS_Remake_2_0
ラタンのソファ(ホワイト),,FtrRattanChairS_Remake_3_0
ラタンのソファ(グレー),,FtrRattanChairS_Remake_4_0
ラタンのソファ(ブラック),,FtrRattanChairS_Remake_5_0
ラタンのドレッサー(ブラウン),,FtrRattanDresser_Remake_0_0
ラタンのドレッサー(レッドブラウン),,FtrRattanDresser_Remake_1_0
ラタンのドレッサー(ライトブラウン),,FtrRattanDresser_Remake_2_0
ラタンのドレッサー(ホワイト),,FtrRattanDresser_Remake_3_0
ラタンのドレッサー(グレー),,FtrRattanDresser_Remake_4_0
ラタンのドレッサー(ブラック),,FtrRattanDresser_Remake_5_0
ラタンのベッド(ブラウン),,FtrRattanBedW_Remake_0_0
ラタンのベッド(レッドブラウン),,FtrRattanBedW_Remake_1_0
ラタンのベッド(ライトブラウン),,FtrRattanBedW_Remake_2_0
ラタンのベッド(ホワイト),,FtrRattanBedW_Remake_3_0
ラタンのベッド(グレー),,FtrRattanBedW_Remake_4_0
ラタンのベッド(ブラック),,FtrRattanBedW_Remake_5_0
ラタンのローテーブル(ブラウン),,FtrRattanTableM_Remake_0_0
ラタンのローテーブル(レッドブラウン),,FtrRattanTableM_Remake_1_0
ラタンのローテーブル(ライトブラウン),,FtrRattanTableM_Remake_2_0
ラタンのローテーブル(ホワイト),,FtrRattanTableM_Remake_3_0
ラタンのローテーブル(グレー),,FtrRattanTableM_Remake_4_0
ラタンのローテーブル(ブラック),,FtrRattanTableM_Remake_5_0
ランニングマシン(ブラック),,FtrRunningmachine_Remake_0_0
ランニングマシン(レッド),,FtrRunningmachine_Remake_1_0
ランニングマシン(ブルー),,FtrRunningmachine_Remake_2_0
ランニングマシン(ホワイト),,FtrRunningmachine_Remake_3_0
ルーレット(カラフルナンバー),,FtrRoulette_Remake_0_0
ルーレット(ツートンナンバー),,FtrRoulette_Remake_1_0
ルーレット(イチかバチか),,FtrRoulette_Remake_2_0
ルーレット(ブラック&レッド),,FtrRoulette_Remake_3_0
ルーレット(アイテム),,FtrRoulette_Remake_4_0
れいぞうこ(ホワイト),,FtrRefrigerator_Remake_0_0
れいぞうこ(レッド),,FtrRefrigerator_Remake_1_0
れいぞうこ(ピンク),,FtrRefrigerator_Remake_2_0
れいぞうこ(イエロー),,FtrRefrigerator_Remake_3_0
れいぞうこ(ブルー),,FtrRefrigerator_Remake_4_0
れいぞうこ(ブラウン),,FtrRefrigerator_Remake_5_0
れいぞうこ(ブラック),,FtrRefrigerator_Remake_6_0
れいぞうこ(シルバー),,FtrRefrigerator_Remake_7_0
れいとうこ(ホワイト),,FtrFreezer_Remake_0_0
れいとうこ(ブラック),,FtrFreezer_Remake_1_0
れいとうこ(ベージュ),,FtrFreezer_Remake_2_0
れいとうこ(シルバー),,FtrFreezer_Remake_3_0
レトロなきゅうゆき(レッド),,FtrAmeretroGasstand_Remake_0_0
レトロなきゅうゆき(グリーン),,FtrAmeretroGasstand_Remake_1_0
レトロなきゅうゆき(イエロー),,FtrAmeretroGasstand_Remake_2_0
レトロなきゅうゆき(ホワイト),,FtrAmeretroGasstand_Remake_3_0
レトロなきゅうゆき(ブラック),,FtrAmeretroGasstand_Remake_4_0
レトロなきゅうゆき(レトロ),,FtrAmeretroGasstand_Remake_5_0
レトロなステレオ(ブラック),,FtrStereoRetro_Remake_0_0
レトロなステレオ(ブラウン),,FtrStereoRetro_Remake_1_0
レトロなせんぷうき(ブルー),,FtrFanRetro_Remake_0_0
レトロなせんぷうき(グリーン),,FtrFanRetro_Remake_1_0
レトロなせんぷうき(オレンジ),,FtrFanRetro_Remake_2_0
ロッカー(シルバー),,FtrLocker_Remake_0_0
ロッカー(ホワイト),,FtrLocker_Remake_1_0
ロッカー(ブラック),,FtrLocker_Remake_2_0
ロッカー(レッド),,FtrLocker_Remake_3_0
ロッカー(ブルー),,FtrLocker_Remake_4_0
ロッカー(グリーン),,FtrLocker_Remake_5_0
ロッカー(イエロー),,FtrLocker_Remake_6_0
ロッドスタンド(ナチュラル),非売品,FtrRodstand_Remake_0_0
ロッドスタンド(ホワイト),非売品,FtrRodstand_Remake_1_0
ロッドスタンド(ブラック),非売品,FtrRodstand_Remake_2_0
わしきトイレ,,FtrWCJapan
わたあめのやたい(ピンク),非売品,FtrCottoncandymachine_Remake_0_0
わたあめのやたい(ブルー),非売品,FtrCottoncandymachine_Remake_1_0
わたあめのやたい(ブラック),非売品,FtrCottoncandymachine_Remake_2_0
DJブース(ブラック),,FtrDJbooth_Remake_0_0
DJブース(ホワイト),,FtrDJbooth_Remake_1_0
DJブース(ブラウン),,FtrDJbooth_Remake_2_0
DJブース(ピンク),,FtrDJbooth_Remake_3_0
OKゲームマシン,,FtrCompassSlot
OKモータースのかんばん,,FtrCompassSignOK
TOYなクロゼット(シルバー),,FtrBoyClosetL_Remake_0_0
TOYなクロゼット(イエロー),,FtrBoyClosetL_Remake_1_0
TOYなクロゼット(レッド),,FtrBoyClosetL_Remake_2_0
TOYなクロゼット(グリーン),,FtrBoyClosetL_Remake_3_0
TOYなクロゼット(ブルー),,FtrBoyClosetL_Remake_4_0
TOYなクロゼット(ブラック),,FtrBoyClosetL_Remake_5_0
TOYなスクリーン,,FtrBoyScreen
TOYなチェア(キャメル),,FtrBoyChairS_Remake_0_0
TOYなチェア(ブラウン),,FtrBoyChairS_Remake_1_0
TOYなチェア(レッド),,FtrBoyChairS_Remake_2_0
TOYなチェア(ブルー),,FtrBoyChairS_Remake_3_0
TOYなチェア(グリーン),,FtrBoyChairS_Remake_4_0
TOYなチェア(ホワイト),,FtrBoyChairS_Remake_5_0
TOYなテーブル(レッド),,FtrBoyTableL_Remake_0_0
TOYなテーブル(ブルー),,FtrBoyTableL_Remake_1_0
TOYなテーブル(グリーン),,FtrBoyTableL_Remake_2_0
TOYなテーブル(ブラック×オレンジ),,FtrBoyTableL_Remake_3_0
TOYなテーブル(ブラック×イエロー),,FtrBoyTableL_Remake_4_0
TOYなテーブル(ホワイト×ブルー),,FtrBoyTableL_Remake_5_0
TOYなテーブル(ホワイト×レッド),,FtrBoyTableL_Remake_6_0
TOYなテーブル(ベースボール),,FtrBoyTableL_Remake_7_0
TOYなベッド(レッド),,FtrBoyBedS_Remake_0_0
TOYなベッド(ブルー),,FtrBoyBedS_Remake_1_0
TOYなベッド(イエロー),,FtrBoyBedS_Remake_2_0
TOYなベッド(ピンク),,FtrBoyBedS_Remake_3_0
TOYなベッド(グリーン),,FtrBoyBedS_Remake_4_0
TOYなベッド(ホワイト),,FtrBoyBedS_Remake_5_0
TOYなベッド(ブラック),,FtrBoyBedS_Remake_6_0
TVトレイ(ゴールド),,FtrTVtray_Remake_0_0
TVトレイ(シルバー),,FtrTVtray_Remake_1_0
TVトレイ(ブロンズ),,FtrTVtray_Remake_2_0
TVトレイ(ブラック),,FtrTVtray_Remake_3_0
