Name,Buy
アーケードゲーム(FTG),
アーケードゲーム(STG),
アーケードゲーム(TBL),
アームのフロアランプ(ブラック),
アームのフロアランプ(ホワイト),
アームのフロアランプ(イエロー),
アームのフロアランプ(レッド),
アームのフロアランプ(ブルー),
アームのフロアランプ(ライトグリーン),
アームのフロアランプ(グレー),
アームのフロアランプ(シルバー),
アイランドキッチン(ホワイト),
アイランドキッチン(ブルー),
アイランドキッチン(レッド),
アイランドキッチン(ライトブラウン),
アイランドキッチン(ダークブラウン),
アイランドキッチン(ブラック),
アイランドキッチン(シルバー),
アイロンだい,
アウトドアテーブル(ホワイト),
アウトドアテーブル(ブラック),
アウトドアテーブル(グリーン),
アウトドアテーブル(ブルー),
アウトドアテーブル(レッド),
アウトドアはつでんき(レッド),
アウトドアはつでんき(ブルー),
アウトドアはつでんき(イエロー),
アウトドアはつでんき(ターコイズ),
アウトドアはつでんき(オレンジ),
アウトドアはつでんき(シルバー),
アウトドアベンチ(ホワイト),
アウトドアベンチ(ブラック),
アウトドアベンチ(グリーン),
アウトドアベンチ(ブルー),
アウトドアベンチ(レッド),
あおコーナー,
あかコーナー,
アップライトピアノ(ブラック),
アップライトピアノ(ホワイト),
アップライトピアノ(ウォルナット),
アップライトピアノ(メープル),
アリがたいムシかご,非売品
アリづか,非売品
アルトサックス,
アンティークなイス(ブラウン),
アンティークなイス(ナチュラル),
アンティークなイス(ブラック),
アンティークなコンソール(ブラウン),
アンティークなコンソール(ナチュラル),
アンティークなコンソール(ブラック),
アンティークなテーブル(ブラウン),
アンティークなテーブル(ナチュラル),
アンティークなテーブル(ブラック),
アンティークなとけい(ブラウン),
アンティークなとけい(ナチュラル),
アンティークなとけい(ブラック),
アンティークなドレッサー(ブラウン),
アンティークなドレッサー(ナチュラル),
アンティークなドレッサー(ブラック),
アンティークなビューロ(ブラウン),
アンティークなビューロ(ナチュラル),
アンティークなビューロ(ブラック),
アンティークなベッド(ブラウン),
アンティークなベッド(ナチュラル),
アンティークなベッド(ブラック),
アンティークなミニテーブル(ブラウン),
アンティークなミニテーブル(ナチュラル),
アンティークなミニテーブル(ブラック),
アンティークなワードローブ(ブラウン),
アンティークなワードローブ(ナチュラル),
アンティークなワードローブ(ブラック),
あんどん(ナチュラルウッド),
あんどん(ダークウッド),
あんどん(オレンジウッド),
イカすクーラーボックス,非売品
いかりのオブジェ(ブラック),非売品
いかりのオブジェ(シルバー),非売品
いかりのオブジェ(ゴールド),非売品
いかりのオブジェ(ホワイト),非売品
いかりのオブジェ(ブルー),非売品
いかりのオブジェ(レトロ),非売品
いとぐるま,
ウォーターサーバー(ホワイト),
ウォーターサーバー(ブラック),
ウォータービュー(赤レンガ),
ウォータービュー(モザイクタイル),
ウォータービュー(ウッディ),
ウォータービュー(コンクリート),
ウォータービュー(ステンレス),
エアーソファ(ブルー),
エアーソファ(グリーン),
エアーソファ(パープル),
エアーソファ(ピンク),
エアーソファ(ライム),
エアーソファ(ドット),
エアーソファ(レインボー),
エアーソファ(迷彩),
エクササイズバイク(ブラック),
エクササイズバイク(レッド),
エクササイズバイク(イエロー),
エクササイズバイク(ホワイト),
エフェクターラック(ブラック),
エフェクターラック(ホワイト),
エフェクターラック(オレンジ),
エフェクターラック(ブルー),
エフェクターラック(レッド),
エフェクターラック(ピンク),
エレキギターES1(サンバースト),
エレキギターES1(コーラルピンク),
エレキギターES1(コスモブラック),
エレキギターES1(ファイアーレッド),
エレキギターES1(オレンジイエロー),
エレキギターES1(ナチュラルウッド),
エレキギターES1(シックホワイト),
エレキギターES1(クールブルー),
エレキギターES2(ダークレッド),
エレキギターES2(ナチュラルウッド),
エレキギターES2(チェリー),
エレキギターES2(サンバースト),
エレキギターES2(マリンエメラルド),
エレキギターES2(シックホワイト),
エレキギターES2(コスモブラック),
エレキベース(シックホワイト),
エレキベース(ナチュラルウッド),
エレキベース(サンバースト),
エレキベース(コスモブラック),
エレキベース(ディープオーシャン),
エレキベース(アッシュグリーン),
エレキベース(ショッキングピンク),
エレキベース(スペースシルバー),
オーブンつきコンロ(シルバー),
オーブンつきコンロ(ホワイト),
オーブンつきコンロ(レッド),
オーブンつきコンロ(ブルー),
オーブンつきコンロ(ブラック),
おかしのじはんき(ブラック),非売品
おかしのじはんき(ホワイト),非売品
おかしのじはんき(レッド),非売品
おかしのじはんき(シルバー),非売品
おすのフラミンゴ(ナチュラル),
おすのフラミンゴ(白),
オフィスのチェア(ブルー),
オフィスのチェア(グリーン),
オフィスのチェア(イエロー),
オフィスのチェア(レッド),
オフィスのチェア(ライトブルー),
オフィスのチェア(ピンク),
オフィスのチェア(ブラック),
オフィスのデスク(ホワイト),
オフィスのデスク(ベージュ×ホワイト),
オフィスのデスク(ブラウン×ブラック),
オフィスのデスク(グレー),
オリエンタルなスクリーン(レッド),
オリエンタルなスクリーン(ブルー),
オリエンタルなスクリーン(ブラウン),
オリエンタルなスクリーン(ブラック),
オリエンタルなチェスト(レッド),
オリエンタルなチェスト(ブルー),
オリエンタルなチェスト(ブラウン),
オリエンタルなチェスト(ブラック),
オリエンタルなベッド(レッド),
オリエンタルなベッド(ブルー),
オリエンタルなベッド(ブラウン),
オリエンタルなベッド(ブラック),
オリエンタルなローテーブル(レッド),
オリエンタルなローテーブル(ブルー),
オリエンタルなローテーブル(ブラウン),
オリエンタルなローテーブル(ブラック),
ガーデンライト(ブラック),
ガーデンライト(ホワイト),
ガーデンライト(ブロンズ),
ガイコツマイク,
かいじゅう(ブラウン),非売品
かいじゅう(ブルー),非売品
かいじゅう(レッド),非売品
かいじゅう(ブラック),非売品
がいとう(グリーン),非売品
がいとう(ブラウン),非売品
がいとう(ホワイト),非売品
がいとう(ブラック),非売品
カカオ,
がくしゅうチェア(ナチュラル),
がくしゅうチェア(ライトブラウン),
がくしゅうチェア(ダークブラウン),
がくしゅうチェア(ホワイト),
がくしゅうデスク(ナチュラル),
がくしゅうデスク(ライトブラウン),
がくしゅうデスク(ダークブラウン),
がくしゅうデスク(ホワイト),
かせつトイレ(ミント),非売品
かせつトイレ(レッド),非売品
かせつトイレ(ブルー),非売品
かせつトイレ(イエローグリーン),非売品
かせつトイレ(グレー),非売品
がっこうのイス(ナチュラル×シルバー),
がっこうのイス(ブラウン×ホワイト),
がっこうのイス(ライトブラウン×ブラック),
がっこうのイス(ホワイト×レッド),
がっこうのイス(グレー×ブルー),
がっこうのイス(ベージュ×グリーン),
がっこうのつくえ(ナチュラル×シルバー),
がっこうのつくえ(ブラウン×ホワイト),
がっこうのつくえ(ライトブラウン×ブラック),
がっこうのつくえ(ホワイト×レッド),
がっこうのつくえ(グレー×ブルー),
がっこうのつくえ(ベージュ×グリーン),
かまどのキッチン,
かんこうぼうえんきょう(グリーン),非売品
かんこうぼうえんきょう(ブルー),非売品
かんこうぼうえんきょう(ホワイト),非売品
かんこうぼうえんきょう(グレー),非売品
かんこうぼうえんきょう(ブラック),非売品
きものスタンド,
キャスターペール(グリーン),
キャスターペール(イエロー),
キャスターペール(ブラウン),
キャスターペール(ブラック),
キャスターペール(ホワイト),
キャスターペール(レッド),
キャスターペール(ブルー),
キャットタワー(ベージュ),
キャットタワー(ブラウン),
キャットタワー(ネイビー),
キャットタワー(グレー),
キャットタワー(ピンク),
キャットタワー(ホワイト),
キャンディマシン(レッド),
キャンディマシン(ブルー),
キャンディマシン(イエロー),
キャンディマシン(ピンク),
キャンプじょうのかんばん,
キャンプベッド(グリーン),
キャンプベッド(イエロー),
キャンプベッド(レッド),
キャンプベッド(ブルー),
キャンプベッド(寒冷迷彩),
キャンプベッド(迷彩),
キャンプベッド(シンプルパターン),
キャンプベッド(ポップパターン),
キュートなDIYテーブル(ホワイト),
キュートなDIYテーブル(スカイブルー),
キュートなDIYテーブル(イエロー),
キュートなDIYテーブル(レッド),
キュートなDIYテーブル(ブルー),
キュートなクロゼット(ホワイト),
キュートなクロゼット(スカイブルー),
キュートなクロゼット(イエロー),
キュートなクロゼット(レッド),
キュートなクロゼット(ブルー),
キュートなソファ(ホワイト),
キュートなソファ(スカイブルー),
キュートなソファ(イエロー),
キュートなソファ(レッド),
キュートなソファ(ブルー),
キュートなチェア(ホワイト),
キュートなチェア(スカイブルー),
キュートなチェア(イエロー),
キュートなチェア(レッド),
キュートなチェア(ブルー),
キュートなティーテーブル(ホワイト),
キュートなティーテーブル(スカイブルー),
キュートなティーテーブル(イエロー),
キュートなティーテーブル(レッド),
キュートなティーテーブル(ブルー),
キュートなドレッサー(ホワイト),
キュートなドレッサー(スカイブルー),
キュートなドレッサー(イエロー),
キュートなドレッサー(レッド),
キュートなドレッサー(ブルー),
キュートなフロアランプ(ホワイト),
キュートなフロアランプ(スカイブルー),
キュートなフロアランプ(イエロー),
キュートなフロアランプ(レッド),
キュートなフロアランプ(ブルー),
キュートなベッド(ホワイト),
キュートなベッド(スカイブルー),
キュートなベッド(イエロー),
キュートなベッド(レッド),
キュートなベッド(ブルー),
きょうたく(スタンダード),
きょうたく(ウッディ),
きょうたく(モノトーン),
きんこ(シルバー),
きんこ(ホワイト),
きんこ(ブラック),
きんこ(ゴールド),
ぎんのおうちトロフィー,非売品
くまのダイちゃん(クリーム),
くまのダイちゃん(キャラメル・モカ),
くまのダイちゃん(チョコ),
くまのダイちゃん(フラワー),
くまのダイちゃん(チェック),
くまのダイちゃん(ツイード),
くまのナミちゃん(クリーム),
くまのナミちゃん(キャラメル・モカ),
くまのナミちゃん(チョコ),
くまのナミちゃん(フラワー),
くまのナミちゃん(チェック),
くまのナミちゃん(ツイード),
クライミングウォール(ナチュラル),
クライミングウォール(ピンク),
クライミングウォール(ブルー),
クライミングウォール(ホワイト),
グランドピアノ(ブラック),
グランドピアノ(ホワイト),
グランドピアノ(ウォルナット),
グランドピアノ(チェリー),
グランドライト(ホワイト),
グランドライト(オレンジ),
グランドライト(レッド),
グランドライト(ピンク),
グランドライト(パープル),
グランドライト(ブルー),
グランドライト(ライトブルー),
グランドライト(グリーン),
くるまイス,
クロスつきテーブル,
くんせいマシン(ブラック),
くんせいマシン(グリーン),
くんせいマシン(シルバー),
ゲームセンターのイス(レッド),
ゲームセンターのイス(グレー),
ゲームセンターのイス(ブルー),
けんすいスタンド(ブラック),
けんすいスタンド(レッド),
けんすいスタンド(イエロー),
けんすいスタンド(ブルー),
こうえんだい,
こうえんのとけい(ブラック),非売品
こうえんのとけい(シルバー),非売品
こうえんのとけい(ホワイト),非売品
こうえんのとけい(ブラウン),非売品
ごうかなきものスタンド(鶴),
ごうかなきものスタンド(牡丹),
ごうかなきものスタンド(藤),
ごうかなきものスタンド(毬),
ごうかなきものスタンド(鷹),
こうぎしつのイス(ライトブラウン),
こうぎしつのイス(ダークブラウン),
こうぎしつのつくえ(ライトブラウン),
こうぎしつのつくえ(ダークブラウン),
こうぎしつのつくえ(ホワイト),
こうきゅうコンポ,
こうぐだな(ホワイト),
こうぐだな(グリーン),
こうぐだな(ブルー),
こうぐだな(ブラック),
こうじちゅうかんばん(工事中のお詫び),非売品
こうじちゅうかんばん(工事中のお詫び(弟)),非売品
こうじちゅうかんばん(工事中のお詫び(兄)),非売品
こうじちゅうかんばん(この先、工事中),非売品
こうじちゅうかんばん(工事中につき注意),非売品
ゴールドクレスト(ブラウン),
ゴールドクレスト(ブルー),
ゴールドクレスト(イエロー),
ゴールドクレスト(ブラック),
ゴールドクレスト(ホワイト),
こくばん(無地),
こくばん(放課後),
こくばん(国語),
こくばん(数学),
こくばん(音楽),
こくばん(部活),
こくばん(美術),
ごじゅうのとう(レッド),非売品
ごじゅうのとう(ナチュラルウッド),非売品
ごじゅうのとう(ダークウッド),非売品
こたつ,
こっかくひょうほん,
ごばん,
こもれびひろばのかざり,
ゴルフバッグ(レッド),
ゴルフバッグ(グリーン),
ゴルフバッグ(ピンク),
ゴルフバッグ(マルチカラー),
ゴルフバッグ(ブラウン),
ゴルフバッグ(シルバー),
サーキュレーター(ホワイト),
サーキュレーター(ブラック),
サーキュレーター(ピンク),
サーキュレーター(グリーン),
サーキュレーター(イエロー),
サーバー,
サービングカート(ナチュラル),
サービングカート(ブラウン),
サービングカート(ホワイト),
サービングカート(ホワイト×シルバー),
サービングカート(レッド),
サービングカート(ブラック),
サーフボード(ホワイト),
サーフボード(レッド),
サーフボード(ハイビスカス),
サーフボード(クール),
サーフボード(ボーダー),
サーフボード(ブラウン),
ざいす(ナチュラル),
ざいす(ライトウッド),
ざいす(ダークウッド),
ざいす(ブラック),
さくらクロック,非売品
サッカーゴール,非売品
ざぶとん,
ざぶとんのやま,非売品
ざぶとんのやま,非売品
サンドバッグ(レッド),
サンドバッグ(ブルー),
サンドバッグ(ブラック),
さんりんしゃ(レッド),
さんりんしゃ(ピンク),
さんりんしゃ(ブルー),
さんりんしゃ(イエロー),
さんりんしゃ(ブラック),
システムキッチン(オフホワイト),
システムキッチン(レッド),
システムキッチン(ブルー),
システムキッチン(イエロー),
システムキッチン(ブラック),
システムキッチン(ブラウン),
システムキッチン(ナチュラル),
システムキッチン(ホワイト),
しちゃくしつ(グレー),
しちゃくしつ(ベージュ),
しちゃくしつ(ブラウン),
しちゃくしつ(ダークブラウン),
しちゃくしつ(ブラック),
しちゃくしつ(ブルー),
しちゃくしつ(ピンク),
しちゃくしつ(グリーン),
しつがいき,
しばかりき(レッド),
しばかりき(オレンジ),
しばかりき(ブルー),
しばかりき(イエロー),
しばかりき(グリーン),
じはんき(レッド),非売品
じはんき(ブルー),非売品
じはんき(ホワイト),非売品
じはんき(ブラック),非売品
じはんき(グリーン),非売品
じはんき(ピンク),非売品
ジャグジー(ホワイト),
ジャグジー(ブラック),
シャワーブース(ホワイト),
シャワーブース(ピンク),
シャワーブース(ブルー),
シャワーブース(ブラック),
ジャングルジム(カラフル),非売品
ジャングルジム(モノトーン),非売品
ジャングルジム(レッド),非売品
ジャングルジム(ブルー),非売品
ジャングルジム(グリーン),非売品
ジュークボックス,
じゆうのめがみ,非売品
シュラフ(グリーン),
シュラフ(ブラック),
シュラフ(ブルー),
シュラフ(オレンジ),
シュラフ(イエロー),
シュラフ(パープル),
シュラフ(ホワイト),
シュラフ(レッド),
しょうべんき,
しょさいのイス(ブラック),
しょさいのイス(ホワイト),
しょさいのイス(キャメル),
しょさいのイス(ブラウン),
しょさいのイス(グリーン),
しょさいのイス(レッド),
しょさいのつくえ(ダークウッド),
しょさいのつくえ(ブラウンウッド),
しょさいのつくえ(レッドウッド),
しょさいのつくえ(ナチュラルウッド),
しょさいのつくえ(ホワイト),
シンセサイザー(ブラック),
シンセサイザー(レッド),
シンセサイザー(ブルー),
シンセサイザー(イエロー),
シンセサイザー(シルバー),
シンセサイザー(ブラウン),
じんたいもけい,
しんちょうけい(グレー),
しんちょうけい(ブルー),
しんちょうけい(ピンク),
シンプルなパネル(ライトグレー),
シンプルなパネル(ブラック),
シンプルなパネル(ホワイト),
シンプルなパネル(ブラウン),
シンプルなパネル(ライトブラウン),
シンプルなパネル(ブロンズ),
シンプルなパネル(シルバー),
シンプルなパネル(ゴールド),
スタンドマイク,
スティックそうじき(シルバー),
スティックそうじき(ホワイト),
スティックそうじき(ブラック),
スティックそうじき(レッド),
スティックそうじき(オレンジ),
スティックそうじき(グリーン),
スティックそうじき(ピンク),
ストーンヘンジ,非売品
すなのしろ(ナチュラルサンド),
すなのしろ(ホワイトサンド),
すなば,非売品
スピードバッグ(レッド),
スピードバッグ(ブルー),
スピードバッグ(ブラック),
スフィンクス,非売品
スプリングゆうぐ(ホワイト),非売品
スプリングゆうぐ(ブラウン),非売品
スプリングゆうぐ(ダークブラウン),非売品
スプリングゆうぐ(レッド),非売品
スプリングゆうぐ(イエロー),非売品
スプリングゆうぐ(ピンク),非売品
スプリングゆうぐ(ゼブラ),非売品
スポットライト(ホワイト),
スポットライト(イエロー),
スポットライト(オレンジ),
スポットライト(レッド),
スポットライト(ピンク),
スポットライト(パープル),
スポットライト(ブルー),
スポットライト(グリーン),
ズボンプレッサー(ブラウン),
ズボンプレッサー(ブラック),
ズボンプレッサー(グレー),
スライムランプ(ブルー),
スライムランプ(レッド),
スライムランプ(イエロー),
スライムランプ(エメラルド),
スライムランプ(パープル),
スライムランプ(グリーン),
スライムランプ(ピンク),
スロップシンク,
せんたくき(ホワイト),
せんたくき(ピンク),
せんたくき(ブルー),
せんたくき(グリーン),
せんたくき(イエロー),
せんたくき(ブラック),
せんぷうき(ホワイト),
せんぷうき(ブラック),
せんぷうき(ライトブルー),
せんぷうき(ピンク),
せんめんだい(ホワイト),
せんめんだい(ブラック),
せんめんだい(ベージュ),
そうじき(レッド),
そうじき(イエロー),
そうじき(グリーン),
そうじき(グレー),
そうじき(ブラック),
ゾウのすべりだい(ブルー),
ゾウのすべりだい(ピンク),
ゾウのすべりだい(レッド),
ゾウのすべりだい(ライトブルー),
ゾウのすべりだい(イエロー),
ゾウのすべりだい(ホワイト),
ゾウのすべりだい(グレー),
ゾウのすべりだい(ブラック),
ソーラーパネル(ブルー),非売品
ソーラーパネル(ブラック),非売品
ソフトクリームランプ(バニラ),
ソフトクリームランプ(むらさきいも),
ソフトクリームランプ(マンゴー),
ソフトクリームランプ(ラムネ),
ソフトクリームランプ(まっちゃ),
ソフトクリームランプ(チョコレートMIX),
ソフトクリームランプ(ストロベリーMIX),
ソフトクリームランプ(レインボー),
ダーツボード,
たいじゅうそくていき(ホワイト),
たいじゅうそくていき(ブラック),
たいじゅうそくていき(レッド),
たいじゅうそくていき(ブルー),
たいじゅうそくていき(イエロー),
たいじゅうそくていき(グリーン),
たいじゅうそくていき(ブラウン),
ダイナーなイス(レッド),
ダイナーなイス(ブルー),
ダイナーなイス(イエロー),
ダイナーなイス(エメラルド),
ダイナーなイス(ピンク),
ダイナーなイス(クリーム),
ダイナーなイス(ブラック),
ダイナーなカウンターチェア(レッド),
ダイナーなカウンターチェア(ブルー),
ダイナーなカウンターチェア(イエロー),
ダイナーなカウンターチェア(エメラルド),
ダイナーなカウンターチェア(ピンク),
ダイナーなカウンターチェア(クリーム),
ダイナーなカウンターチェア(ブラック),
ダイナーなカウンターテーブル(レッド),
ダイナーなカウンターテーブル(ブルー),
ダイナーなカウンターテーブル(イエロー),
ダイナーなカウンターテーブル(エメラルド),
ダイナーなカウンターテーブル(ピンク),
ダイナーなカウンターテーブル(クリーム),
ダイナーなカウンターテーブル(ブラック),
ダイナーなソファ(レッド),
ダイナーなソファ(ブルー),
ダイナーなソファ(イエロー),
ダイナーなソファ(エメラルド),
ダイナーなソファ(ピンク),
ダイナーなソファ(クリーム),
ダイナーなソファ(ブラック),
ダイナーなダイニングテーブル(レッド),
ダイナーなダイニングテーブル(ブルー),
ダイナーなダイニングテーブル(イエロー),
ダイナーなダイニングテーブル(エメラルド),
ダイナーなダイニングテーブル(ピンク),
ダイナーなダイニングテーブル(クリーム),
ダイナーなダイニングテーブル(ブラック),
ダイナーなネオンかんばん(レッド),
ダイナーなネオンかんばん(オレンジ),
ダイナーなネオンかんばん(グリーン),
ダイナーなネオンかんばん(パープル),
ダイナーなネオンかんばん(ブルー),
ダイナーなミニテーブル(レッド),
ダイナーなミニテーブル(ブルー),
ダイナーなミニテーブル(イエロー),
ダイナーなミニテーブル(エメラルド),
ダイナーなミニテーブル(ピンク),
ダイナーなミニテーブル(クリーム),
ダイナーなミニテーブル(ブラック),
タタミのベッド(ダークブラウン),
タタミのベッド(ナチュラル),
タタミのベッド(ブラック),
タタミのベッド(ライトブラウン),
たっきゅうだい,
ダブルソファ(レッド),
ダブルソファ(イエロー),
ダブルソファ(グリーン),
ダブルソファ(ブルー),
ダブルソファ(ホワイト),
ダブルソファ(ライトブラウン),
ダブルソファ(ダークブラウン),
ダブルソファ(ブラック),
タンクレストイレ(ホワイト),
タンクレストイレ(アイボリー),
タンクレストイレ(ピンク),
タンクレストイレ(ライトブルー),
タンクレストイレ(ブラック),
だんろ(レッド),
だんろ(ダークブラウン),
だんろ(ベージュ),
だんろ(ホワイト),
チェロ(ナチュラル),
チェロ(ホワイト),
チェロ(ブラック),
ちゅうかテーブル(レッド),
ちゅうかテーブル(ブラウン),
ちゅうかなイス(ブラック),
ちゅうかなイス(ブラウン),
ツールカート(レッド),
ツールカート(オレンジ),
ツールカート(イエロー),
ツールカート(グリーン),
ツールカート(ブルー),
ツールカート(ピンク),
ツールカート(ブラック),
ツールカート(シルバー),
ディレクターズチェア(ライトブラウン),
ディレクターズチェア(ダークブラウン),
ディレクターズチェア(ホワイト),
ディレクターズチェア(ブラック),
テーブルサッカー(ブラウン),
テーブルサッカー(ダークブラウン),
テーブルサッカー(ブルー),
てつどうもけい(春),
てつどうもけい(夏),
てつどうもけい(秋),
てつどうもけい(冬),
てまわしオルガン(ナチュラル),
てまわしオルガン(ブルー),
てまわしオルガン(イエロー),
てまわしオルガン(ダークブラウン),
テレビカメラ(ブラック),
テレビカメラ(ホワイト),
でんちゅう(広告なし),非売品
でんちゅう(広告あり),非売品
でんどうキックボード(レッド),
でんどうキックボード(ホワイト),
でんどうキックボード(イエロー),
でんどうキックボード(グリーン),
でんどうキックボード(ブルー),
でんどうキックボード(ピンク),
でんわボックス(レッド),非売品
でんわボックス(グリーン),非売品
でんわボックス(ブルー),非売品
でんわボックス(イエロー),非売品
でんわボックス(ブラウン),非売品
でんわボックス(ホワイト),非売品
でんわボックス(ブラック),非売品
でんわボックス(ゴールド),非売品
トイレそうじセット(モノトーン),
トイレそうじセット(カラフル),
とうだい(レッド),非売品
とうだい(ブラック),非売品
とうだい(ブルー),非売品
とうだい(ホワイト),非売品
とうだい(イエロー),非売品
とうだい(グレー),非売品
ドラムかん(ライトグリーン),
ドラムかん(ブルー),
ドラムかん(ライトブルー),
ドラムかん(オレンジ),
ドラムかん(デンジャー),
ドラムかん(レッド),
ドラムかん(グリーン),
ドラムかん(ダメージ),
ドラムしきせんたくき(ホワイト),
ドラムしきせんたくき(ブラック),
ドラムしきせんたくき(ブルー),
ドラムしきせんたくき(レッド),
ドラムしきせんたくき(イエロー),
ドラムしきせんたくき(ピンク),
ドラムセット(ゴールデンイエロー),
ドラムセット(コスモブラック),
ドラムセット(パールホワイト),
ドラムセット(ナチュラルウッド),
ドラムセット(マリンブルー),
ドラムセット(ローズピンク),
ドラムセット(エバーグリーン),
ドラムセット(B&W),
なんきょくてん,非売品
にだんベッド(シルバー),
にだんベッド(ブラック),
にだんベッド(ホワイト),
にだんベッド(レッド),
にだんベッド(ブルー),
にだんベッド(イエロー),
にだんベッド(ピンク),
ニュートラルコーナー,
ねこあしバスタブ(ホワイト),
ねこあしバスタブ(ブラック),
ねこあしバスタブ(レッド),
ねこあしバスタブ(ブルー),
ねこあしバスタブ(ピンク),
ねこあしバスタブ(イエロー),
ネコぐるま(グリーン),
ネコぐるま(ブルー),
ネコぐるま(ブラウン),
ネコぐるま(イエロー),
ネコぐるま(レッド),
ネコぐるま(ブラック),
ネコのトイレ(ホワイト),
ネコのトイレ(オレンジ),
ネコのトイレ(グリーン),
ネコのトイレ(ライトブルー),
ネコのトイレ(ピンク),
ネコのトイレ(ブラウン),
ネコのトイレ(ブラック),
バースデーテーブル(カラフル),非売品
バースデーテーブル(ピンク),非売品
バースデーテーブル(ブルー),非売品
バースデーテーブル(グリーン),非売品
バースデーテーブル(オレンジ),非売品
バースデーテーブル(ゴージャス),非売品
バースデーボード(カラフル),非売品
バースデーボード(ピンク),非売品
バースデーボード(ブルー),非売品
バースデーボード(グリーン),非売品
バースデーボード(オレンジ),非売品
バースデーボード(ゴージャス),非売品
ハープ(ブラウン),
ハープ(ライトブラウン),
ハープ(ダークブラウン),
ハープ(ホワイト),
ハープ(ブラック),
バーベキューグリル(レッド),
バーベキューグリル(イエロー),
バーベキューグリル(グリーン),
バーベキューグリル(ホワイト),
バーベキューグリル(ブラック),
パイプイス(ブルー),
パイプイス(グリーン),
パイプイス(レッド),
パイプイス(ブラウン),
パイプイス(ブラック),
パイプイス(ホワイト),
パイロン(レッド),
パイロン(ブルー),
パイロン(イエロー),
パイロン(ホワイト),
パイロン(レッドストライプ),
パイロン(グリーンストライプ),
パイロン(反射板つき),
パイロン(デンジャー),
バスケットのゴール(ブルー),
バスケットのゴール(グリーン),
バスケットのゴール(ブラック),
バスタブ(ホワイト),
バスタブ(黒大理石),
バスタブ(白大理石),
バスタブ(ピンク),
バスタブ(ライトブルー),
バスタブ(グリーン),
バスタブ(ツートンタイル),
はたおりき,
はなわ(ポップ),
はなわ(キュート),
はなわ(エレガント),
パブリックベンチ(ブルー),非売品
パブリックベンチ(グリーン),非売品
パブリックベンチ(レッド),非売品
パブリックベンチ(ホワイト),非売品
パブリックベンチ(ブルー×イエロー),非売品
パブリックベンチ(グリーン×オレンジ),非売品
パブリックベンチ(ライトブルー×ピンク),非売品
パブリックベンチ(モノトーン),非売品
パラボラアンテナ(無地),非売品
パラボラアンテナ(赤いロゴ),非売品
パラボラアンテナ(緑のロゴ),非売品
バランスボール(ブルー),
バランスボール(ピンク),
バランスボール(ホワイト),
バランスボール(ブラック),
バランスボール(ゴールド),
はんごう,
パンダのタアタア,
パンダのチュンチュン,
ハンモック(ブラウン),
ハンモック(ライトブラウン),
ハンモック(イエロー),
ハンモック(ブルー),
ハンモック(ピンク),
ハンモック(ホワイト),
ハンモック(ブラック),
ピアノのイス(ブラック),
ピアノのイス(レッド),
ピアノのイス(ホワイト),
ピアノのイス(ブルー),
ピアノのイス(ブラウン),
ピアノのイス(グリーン),
ピアノのイス(ライトグリーン),
ピアノのイス(キャメル),
ピアノのまるいす,
ビーチタオル,
ビーチのかんしだい(ブルー),非売品
ビーチのかんしだい(ホワイト),非売品
ビーチのかんしだい(イエロー),非売品
ビーチのかんしだい(グリーン),非売品
ビーチのかんしだい(レッド),非売品
ビーチベッド(ホワイト),
ビーチベッド(ブラック),
ビーチベッド(ブルー),
ビーチベッド(オレンジ),
ビーチベッド(イエロー),
ビーチベッド(ピンク),
ひくいついたて(ライトブラウン),
ひくいついたて(ダークブラウン),
ひくいついたて(ブラウン),
ピサのしゃとう,非売品
ビデ,
ビデオカメラ(ブラック),
ビデオカメラ(シルバー),
ビデオカメラ(レッド),
ビニールチェア(ブルー),
ビニールチェア(トリコロール),
ビニールチェア(ピンク),
ビニールチェア(イエロー),
ビニールチェア(グリーン),
ビニールチェア(ブラック),
ビニールプール(ブルー),
ビニールプール(ピンク),
ビニールプール(グリーン),
ビニールプール(オレンジ),
ビニールプール(カラフル),
ビニールプール(ドット),
ひのきぶろ(ライトウッド),
ひのきぶろ(ナチュラルウッド),
ひのきぶろ(ダークウッド),
ひもの(サカナ),非売品
ひもの(イカ),非売品
ひもの(タコ),非売品
びょうぶ(竹),
びょうぶ(梅),
びょうぶ(松),
びょうぶ(虎),
びょうぶ(龍),
ピラミッド,非売品
ビリヤードのだい(グリーン),
ビリヤードのだい(レッド),
ビリヤードのだい(ブルー),
ピンボールだい(ホワイト),
ピンボールだい(レッド),
ピンボールだい(ブルー),
ピンボールだい(ブラック),
ピンボールだい(ブラウン),
ファイヤーピット,
ファッションケース(ホワイト),
ファッションケース(ブラック),
ファッションケース(オレンジ),
ファッションケース(ブルー),
ファッションケース(ピンク),
ファッションケース(ライトブルー),
ふうりょくはつでんき(ブルー),非売品
ふうりょくはつでんき(レッド),非売品
プール(ホワイト),非売品
プール(ブラウン),非売品
プール(グレー),非売品
プールサイドベッド(ライトブラウン),
プールサイドベッド(ブラウン),
プールサイドベッド(ダークブラウン),
フォーチュンクッキーワゴン,
ふとん,
ブリキのペール,
ふるいミシン(ブラック),
ふるいミシン(グリーン),
ふるいミシン(シルバー),
フレームキッチン,
プレスベンチ,
フレンチドアれいぞうこ(シルバー),
フレンチドアれいぞうこ(ホワイト),
フレンチドアれいぞうこ(ブラック),
フレンチドアれいぞうこ(レッド),
フロアランプ(ナチュラル),
フロアランプ(ブラウン),
フロアランプ(ホワイト),
フロアランプ(ブラック),
ペール,
ベッドデスク(ナチュラル),
ベッドデスク(ブラウン),
ベッドデスク(ホワイト),
ベッドデスク(ブラック),
ベッドデスク(ブルー),
ベッドデスク(オレンジ),
ベッドデスク(ライトブルー),
ベッドデスク(ピンク),
ペットのベッド(ナチュラル),
ペットのベッド(ダークブラウン),
ペットのベッド(ホワイト),
ぼうえんきょう,
ホースリール(シルバー),
ホースリール(イエロー),
ホースリール(レッド),
ホースリール(グリーン),
ホースリール(ブルー),
ホースリール(ブラック),
ボックスソファ(エメラルド),
ボックスソファ(ピンク),
ボックスソファ(オレンジ),
ボックスソファ(ネイビー),
ボックスソファ(イエロー),
ボックスソファ(マゼンタ),
ボックスソファ(ホワイト),
ボックスソファ(ブラック),
ボックスソファのコーナー(エメラルド),
ボックスソファのコーナー(ピンク),
ボックスソファのコーナー(オレンジ),
ボックスソファのコーナー(ネイビー),
ボックスソファのコーナー(イエロー),
ボックスソファのコーナー(マゼンタ),
ボックスソファのコーナー(ホワイト),
ボックスソファのコーナー(ブラック),
ポップコーンマシン(レッド),
ポップコーンマシン(グリーン),
ポップコーンマシン(ピンク),
ポップコーンマシン(ブルー),
ポップコーンマシン(ブラック),
ホワイトボード(無地),
ホワイトボード(予定表),
ホワイトボード(営業会議),
ホワイトボード(語学教室),
ホワイトボード(作戦会議),
ホワイトボード(アイデア会議),
ホワイトボード(捜査会議),
マウンテンバイク(グリーン),
マウンテンバイク(イエロー),
マウンテンバイク(ピンク),
マウンテンバイク(ブルー),
マウンテンバイク(ホワイト),
マウンテンバイク(ブラック),
マウントシェードのフロアランプ(イエロー),
マウントシェードのフロアランプ(ブルー),
マウントシェードのフロアランプ(レッド),
マウントシェードのフロアランプ(グリーン),
マウントシェードのフロアランプ(ライム),
マウントシェードのフロアランプ(ピンク),
マウントシェードのフロアランプ(パープル),
マウントシェードのフロアランプ(ホワイト),
まきストーブ,
まめイス(レッド),
まめイス(ピンク),
まめイス(イエロー),
まめイス(グリーン),
まめイス(ブルー),
まめイス(ホワイト),
まめイス(ブラック),
マリンバ,
まるがたストーブ(ホワイト),
まるがたストーブ(ブラック),
まるがたストーブ(レッド),
まるがたストーブ(グリーン),
まるがたストーブ(オレンジ),
まるがたストーブ(ライトブルー),
マルチコンポ,
まわるコーヒーカップ(カラフル),非売品
まわるコーヒーカップ(ゴージャス),非売品
まわるコーヒーカップ(パステル),非売品
まわるコーヒーカップ(クール),非売品
ミニれいぞうこ(ホワイト),
ミニれいぞうこ(レッド),
ミニれいぞうこ(ピンク),
ミニれいぞうこ(イエロー),
ミニれいぞうこ(ブルー),
ミニれいぞうこ(木目調),
ミニれいぞうこ(ブラック),
ミニれいぞうこ(グレー),
めすのフラミンゴ(ナチュラル),
めすのフラミンゴ(白),
メニューこくばん(ナチュラル),
メニューこくばん(ダークブラウン),
メニューこくばん(ホワイト),
メニューこくばん(ブルー),
メニューこくばん(レッド),
モアイ,非売品
ものほしざお(シルバー),
ものほしざお(ブルー),
ものほしスタンド(シルバー),
ものほしスタンド(アイボリー),
ものほしスタンド(ブラック),
ものほしスタンド(ホワイト),
モンステラ(ブラック),
モンステラ(ブラウン),
モンステラ(レッド),
モンステラ(イエロー),
モンステラ(ブルー),
モンステラ(ホワイト),
ヤマドリヤシ(ブラック),
ヤマドリヤシ(ホワイト),
ヤマドリヤシ(ブラウン),
ヤマドリヤシ(ブルー),
ヤマドリヤシ(グリーン),
ヤマドリヤシ(レッド),
ゆうしょうき(レッド),
ゆうしょうき(ブルー),
ゆうしょうき(グリーン),
ゆうしょうき(ブラック),
ユッカ(ホワイト),
ユッカ(ブラウン),
ユッカ(グリーン),
ユッカ(ブルー),
ユッカ(ブラック),
ようしきトイレ(ホワイト),
ようしきトイレ(ナチュラルウッド),
ようしきトイレ(ダークウッド),
ラタンのくずかご(ブラウン),
ラタンのくずかご(レッドブラウン),
ラタンのくずかご(ライトブラウン),
ラタンのくずかご(ホワイト),
ラタンのくずかご(グレー),
ラタンのくずかご(ブラック),
ラタンのクロゼット(ブラウン),
ラタンのクロゼット(レッドブラウン),
ラタンのクロゼット(ライトブラウン),
ラタンのクロゼット(ホワイト),
ラタンのクロゼット(グレー),
ラタンのクロゼット(ブラック),
ラタンのサイドテーブル(ブラウン),
ラタンのサイドテーブル(レッドブラウン),
ラタンのサイドテーブル(ライトブラウン),
ラタンのサイドテーブル(ホワイト),
ラタンのサイドテーブル(グレー),
ラタンのサイドテーブル(ブラック),
ラタンのスツール(ブラウン),
ラタンのスツール(レッドブラウン),
ラタンのスツール(ライトブラウン),
ラタンのスツール(ホワイト),
ラタンのスツール(グレー),
ラタンのスツール(ブラック),
ラタンのソファ(ブラウン),
ラタンのソファ(レッドブラウン),
ラタンのソファ(ライトブラウン),
ラタンのソファ(ホワイト),
ラタンのソファ(グレー),
ラタンのソファ(ブラック),
ラタンのドレッサー(ブラウン),
ラタンのドレッサー(レッドブラウン),
ラタンのドレッサー(ライトブラウン),
ラタンのドレッサー(ホワイト),
ラタンのドレッサー(グレー),
ラタンのドレッサー(ブラック),
ラタンのベッド(ブラウン),
ラタンのベッド(レッドブラウン),
ラタンのベッド(ライトブラウン),
ラタンのベッド(ホワイト),
ラタンのベッド(グレー),
ラタンのベッド(ブラック),
ラタンのローテーブル(ブラウン),
ラタンのローテーブル(レッドブラウン),
ラタンのローテーブル(ライトブラウン),
ラタンのローテーブル(ホワイト),
ラタンのローテーブル(グレー),
ラタンのローテーブル(ブラック),
ランニングマシン(ブラック),
ランニングマシン(レッド),
ランニングマシン(ブルー),
ランニングマシン(ホワイト),
ルーレット(カラフルナンバー),
ルーレット(ツートンナンバー),
ルーレット(イチかバチか),
ルーレット(ブラック&レッド),
ルーレット(アイテム),
れいぞうこ(ホワイト),
れいぞうこ(レッド),
れいぞうこ(ピンク),
れいぞうこ(イエロー),
れいぞうこ(ブルー),
れいぞうこ(ブラウン),
れいぞうこ(ブラック),
れいぞうこ(シルバー),
れいとうこ(ホワイト),
れいとうこ(ブラック),
れいとうこ(ベージュ),
れいとうこ(シルバー),
レトロなきゅうゆき(レッド),
レトロなきゅうゆき(グリーン),
レトロなきゅうゆき(イエロー),
レトロなきゅうゆき(ホワイト),
レトロなきゅうゆき(ブラック),
レトロなきゅうゆき(レトロ),
レトロなステレオ(ブラック),
レトロなステレオ(ブラウン),
レトロなせんぷうき(ブルー),
レトロなせんぷうき(グリーン),
レトロなせんぷうき(オレンジ),
ロッカー(シルバー),
ロッカー(ホワイト),
ロッカー(ブラック),
ロッカー(レッド),
ロッカー(ブルー),
ロッカー(グリーン),
ロッカー(イエロー),
ロッドスタンド(ナチュラル),非売品
ロッドスタンド(ホワイト),非売品
ロッドスタンド(ブラック),非売品
わしきトイレ,
わたあめのやたい(ピンク),非売品
わたあめのやたい(ブルー),非売品
わたあめのやたい(ブラック),非売品
DJブース(ブラック),
DJブース(ホワイト),
DJブース(ブラウン),
DJブース(ピンク),
OKゲームマシン,
OKモータースのかんばん,
TOYなクロゼット(シルバー),
TOYなクロゼット(イエロー),
TOYなクロゼット(レッド),
TOYなクロゼット(グリーン),
TOYなクロゼット(ブルー),
TOYなクロゼット(ブラック),
TOYなスクリーン,
TOYなチェア(キャメル),
TOYなチェア(ブラウン),
TOYなチェア(レッド),
TOYなチェア(ブルー),
TOYなチェア(グリーン),
TOYなチェア(ホワイト),
TOYなテーブル(レッド),
TOYなテーブル(ブルー),
TOYなテーブル(グリーン),
TOYなテーブル(ブラック×オレンジ),
TOYなテーブル(ブラック×イエロー),
TOYなテーブル(ホワイト×ブルー),
TOYなテーブル(ホワイト×レッド),
TOYなテーブル(ベースボール),
TOYなベッド(レッド),
TOYなベッド(ブルー),
TOYなベッド(イエロー),
TOYなベッド(ピンク),
TOYなベッド(グリーン),
TOYなベッド(ホワイト),
TOYなベッド(ブラック),
TVトレイ(ゴールド),
TVトレイ(シルバー),
TVトレイ(ブロンズ),
TVトレイ(ブラック),
